{"stats":{"minecraft:crafted":{"minecraft:crafting_table":1,"minecraft:spruce_planks":32,"minecraft:stick":8,"minecraft:stone_pickaxe":1,"minecraft:wooden_pickaxe":1},"minecraft:custom":{"minecraft:time_since_rest":18935,"minecraft:play_time":18935,"minecraft:sprint_one_cm":203,"minecraft:walk_one_cm":10560,"minecraft:sneak_time":2,"minecraft:jump":43,"minecraft:leave_game":1,"minecraft:time_since_death":18935,"minecraft:total_world_time":18935,"minecraft:fly_one_cm":293,"minecraft:fall_one_cm":476,"minecraft:interact_with_crafting_table":2},"minecraft:used":{"minecraft:dirt":2,"minecraft:crafting_table":2,"minecraft:stone_pickaxe":41,"minecraft:wooden_pickaxe":27},"minecraft:picked_up":{"minecraft:crafting_table":1,"minecraft:spruce_log":8,"minecraft:dirt":12,"minecraft:cobblestone":59},"minecraft:mined":{"minecraft:podzol":3,"minecraft:dirt":10,"minecraft:spruce_log":8,"minecraft:stone":62,"minecraft:crafting_table":1,"minecraft:fern":1}},"DataVersion":3465}