{"stats":{"minecraft:crafted":{"minecraft:crafting_table":1,"minecraft:spruce_planks":32,"minecraft:stick":8,"minecraft:stone_pickaxe":1,"minecraft:wooden_pickaxe":1},"minecraft:custom":{"minecraft:time_since_rest":23932,"minecraft:sprint_one_cm":206,"minecraft:play_time":23932,"minecraft:walk_one_cm":15764,"minecraft:sneak_time":2,"minecraft:jump":44,"minecraft:leave_game":2,"minecraft:time_since_death":23932,"minecraft:total_world_time":23932,"minecraft:fly_one_cm":293,"minecraft:interact_with_crafting_table":2,"minecraft:fall_one_cm":476},"minecraft:used":{"minecraft:dirt":2,"minecraft:crafting_table":2,"minecraft:stone_pickaxe":131,"minecraft:wooden_pickaxe":38},"minecraft:picked_up":{"minecraft:crafting_table":1,"minecraft:gravel":1,"minecraft:spruce_log":8,"minecraft:coal":16,"minecraft:dirt":12,"minecraft:cobblestone":143},"minecraft:mined":{"minecraft:podzol":3,"minecraft:coal_ore":16,"minecraft:gravel":1,"minecraft:dirt":10,"minecraft:spruce_log":8,"minecraft:stone":146,"minecraft:crafting_table":1,"minecraft:fern":1},"minecraft:broken":{"minecraft:stone_pickaxe":1}},"DataVersion":3465}