{"stats":{"minecraft:dropped":{"minecraft:brown_mushroom":1,"divinerpg:cyclops_eye_shards":1,"minecraft:wheat_seeds":3,"minecraft:mossy_cobblestone":1,"minecraft:cobblestone":5,"minecraft:granite":1,"minecraft:dirt":23,"duneons:giter":1,"minecraft:stone_button":9,"minecraft:cornflower":1,"minecraft:oak_stairs":1,"minecraft:wooden_sword":1,"iceandfire:ash":1,"minecraft:white_banner":2,"minecraft:iron_axe":1,"minecraft:smooth_stone":1,"minecraft:chainmail_leggings":1,"minecraft:dandelion":1,"minecraft:spruce_sapling":14,"minecraft:gravel":1,"minecraft:smooth_stone_slab":2,"minecraft:polished_deepslate_slab":1,"minecraft:rotten_flesh":1,"minecraft:iron_boots":1,"minecraft:cobbled_deepslate_slab":3,"minecraft:leather_chestplate":1,"minecraft:turtle_helmet":1,"minecraft:spruce_planks":59,"mysticalagriculture:inferium_essence":1,"minecraft:melon_seeds":1,"minecraft:stone_brick_wall":2,"apotheosis:gem":1,"minecraft:stone_pickaxe":1,"divinerpg:bloodgem":1},"minecraft:picked_up":{"irons_spellbooks:scroll":2,"minecraft:crafting_table":4,"minecraft:iron_chestplate":2,"minecraft:turtle_helmet":2,"minecraft:brown_mushroom":1,"minecraft:oak_stairs":3,"minecraft:stone_brick_wall":2,"irons_spellbooks:holy_rune":3,"minecraft:potion":3,"minecraft:shield":1,"minecraft:cornflower":1,"minecraft:string":1,"duneons:coin":30,"minecraft:iron_axe":2,"minecraft:wooden_sword":1,"minecraft:smooth_stone_slab":3,"irons_spellbooks:arcane_essence":11,"mysticalagriculture:inferium_essence":38,"minecraft:smooth_stone":5,"minecraft:spruce_planks":22,"minecraft:rose_bush":2,"minecraft:iron_pickaxe":1,"irons_spellbooks:inscription_table":1,"iceandfire:dragonscales_red":17,"minecraft:iron_boots":1,"minecraft:furnace":1,"minecraft:stick":5,"minecraft:raw_iron":19,"iceandfire:dragonbone":10,"apotheosis:gem":1,"minecraft:polished_deepslate_slab":2,"minecraft:torch":17,"divinerpg:terran_shards":7,"werewolves:liver":57,"minecraft:stone_button":13,"minecraft:trident":1,"vampirism:amulet":1,"minecraft:redstone":9,"minecraft:rotten_flesh":8,"iceandfire:fire_dragon_heart":1,"botania:green_mystical_flower":1,"minecraft:mutton":3,"minecraft:iron_bars":4,"minecraft:white_wool":3,"minecraft:cobblestone":134,"minecraft:leather_chestplate":1,"minecraft:oak_log":14,"minecraft:gunpowder":2,"minecraft:wither_skeleton_skull":2,"minecraft:dirt":48,"minecraft:paper":14,"minecraft:white_banner":4,"irons_spellbooks:rare_ink":3,"minecraft:cooked_mutton":1,"irons_spellbooks:common_ink":5,"minecraft:bone":24,"vampirism:human_heart":23,"minecraft:apple":1,"minecraft:stone_bricks":2,"duneons:giter":1,"minecraft:wheat_seeds":8,"minecraft:cobbled_deepslate_slab":3,"minecraft:iron_ingot":10,"iceandfire:fire_dragon_flesh":1,"minecraft:iron_sword":1,"minecraft:oak_planks":2,"divinerpg:realmite_ingot":2,"minecraft:cooked_porkchop":1,"irons_spellbooks:legendary_ink":1,"vampirism:ring":1,"iceandfire:ash":1,"divinerpg:cyclops_eye_shards":3,"minecraft:dandelion":1,"minecraft:gravel":1,"iceandfire:dragon_skull_fire":1,"minecraft:spruce_sapling":14,"divinerpg:ender_shards":2,"minecraft:spruce_log":100,"minecraft:lily_of_the_valley":3,"minecraft:mossy_cobblestone":1,"duneons:teapot":1,"divinerpg:bloodgem":1,"minecraft:diamond":3,"waystones:waystone":2,"minecraft:chainmail_leggings":2,"minecraft:granite":3,"minecraft:bread":9,"minecraft:emerald":27,"werewolves:cracked_bone":3,"minecraft:oak_sapling":5,"minecraft:melon_seeds":1,"minecraft:coal":68,"minecraft:ender_pearl":1},"minecraft:killed_by":{"divinerpg:pumpkin_spider":1},"minecraft:mined":{"minecraft:mossy_cobblestone":6,"graveyard:gray_urn":1,"minecraft:cobbled_deepslate_slab":10,"gravestone:gravestone":2,"minecraft:stone_brick_wall":1,"minecraft:grass_block":9,"minecraft:decorated_pot":1,"minecraft:redstone_wire":10,"minecraft:oak_pressure_plate":2,"minecraft:soul_soil":1,"minecraft:spruce_leaves":7,"duneons:coinsstage_1":1,"minecraft:hay_block":4,"duneons:flowerscactusred":1,"minecraft:large_fern":2,"minecraft:smooth_stone":5,"minecraft:furnace":1,"minecraft:iron_ore":19,"minecraft:fire":6,"minecraft:andesite":2,"minecraft:iron_bars":2,"minecraft:polished_deepslate_slab":7,"duneons:loot_biggrey":1,"minecraft:quartz_slab":1,"irons_spellbooks:inscription_table":1,"duneons:urn_loot_big_red":1,"minecraft:stone":110,"graveyard:wither_skull_pile":1,"botania:green_mystical_flower":1,"minecraft:podzol":7,"duneons:coins":2,"minecraft:crafting_table":4,"minecraft:rose_bush":3,"minecraft:tall_grass":8,"minecraft:cobblestone":15,"duneons:naturalcandle":1,"minecraft:oak_planks":2,"minecraft:wall_torch":1,"minecraft:air":7,"graveyard:vase_block":1,"minecraft:wheat":3,"minecraft:spruce_log":92,"minecraft:stone_brick_stairs":2,"minecraft:wither_rose":2,"minecraft:smooth_stone_slab":5,"minecraft:grass":28,"minecraft:oak_log":10,"minecraft:coal_ore":25,"minecraft:gravel":1,"graveyard:leaning_skeleton":1,"minecraft:dirt":12,"minecraft:cobweb":28,"duneons:teapot":1,"minecraft:wither_skeleton_skull":1,"duneons:coinsstage_2":1,"minecraft:fern":23,"iceandfire:chared_stone":2},"minecraft:killed":{"vampirism:vampire":1,"divinerpg:aequorea":1,"irons_spellbooks:summoned_zombie":4,"divinerpg:cyclops":3,"vampirism:advanced_vampire":2,"divinerpg:cave_crawler":1,"irons_spellbooks:priest":2,"graveyard:revenant":1,"minecraft:spider":1,"minecraft:skeleton":1,"werewolves:werewolf_beast":1,"iceandfire:fire_dragon":1,"vampirism:task_master_hunter":2,"divinerpg:kobblin":4,"irons_spellbooks:summoned_skeleton":2,"duneons:vangruardskeleton":1,"duneons:frozenzombie":1,"minecraft:iron_golem":1,"irons_spellbooks:necromancer":1,"minecraft:creeper":2,"vampirism:hunter":52,"minecraft:sheep":3,"divinerpg:miner":2,"minecraft:zombie":6,"iceandfire:ghost":1,"werewolves:werewolf_survivalist":6},"minecraft:custom":{"minecraft:mob_kills":108,"minecraft:animals_bred":4,"minecraft:interact_with_crafting_table":19,"minecraft:bell_ring":76,"minecraft:damage_dealt_resisted":2351,"minecraft:leave_game":5,"minecraft:time_since_death":74164,"minecraft:climb_one_cm":10474,"minecraft:damage_resisted":121,"minecraft:sprint_one_cm":933447,"minecraft:walk_one_cm":707830,"minecraft:damage_blocked_by_shield":42,"minecraft:drop":69,"vampirism:interact_with_totem":6,"vampirism:skills_unlocked":8,"minecraft:talked_to_villager":1,"minecraft:play_time":366576,"minecraft:sneak_time":3130,"minecraft:deaths":15,"minecraft:walk_under_water_one_cm":17378,"minecraft:interact_with_brewingstand":1,"minecraft:jump":6411,"minecraft:walk_on_water_one_cm":29897,"minecraft:total_world_time":366576,"vampirism:blood_drunk":19000,"minecraft:interact_with_furnace":9,"minecraft:sleep_in_bed":10,"minecraft:time_since_rest":2205,"minecraft:waystone_activated":4,"minecraft:damage_taken":7696,"minecraft:damage_absorbed":72,"minecraft:damage_dealt":31008,"minecraft:swim_one_cm":64932,"minecraft:fly_one_cm":762742,"minecraft:open_chest":77,"minecraft:crouch_one_cm":3794,"minecraft:fall_one_cm":127238},"minecraft:crafted":{"minecraft:wooden_sword":1,"minecraft:oak_planks":8,"minecraft:furnace":1,"minecraft:cooked_mutton":3,"minecraft:stone_pickaxe":1,"quark:spruce_chest":4,"minecraft:crafting_table":1,"minecraft:spruce_planks":136,"minecraft:wooden_pickaxe":1,"minecraft:iron_sword":1,"minecraft:bucket":1,"minecraft:bone":2,"minecraft:stone_axe":1,"minecraft:air":0,"minecraft:shield":1,"naturescompass:naturescompass":1,"minecraft:stick":16,"minecraft:compass":1,"minecraft:iron_pickaxe":1,"minecraft:stone_sword":1,"minecraft:white_bed":1,"minecraft:torch":16},"minecraft:used":{"irons_spellbooks:inscription_table":1,"minecraft:trident":1,"minecraft:stone_sword":49,"minecraft:shield":1,"minecraft:iron_sword":623,"minecraft:rotten_flesh":1,"minecraft:torch":1,"minecraft:dirt":18,"duneons:teapot":1,"minecraft:granite":2,"quark:spruce_chest":4,"minecraft:iron_axe":49,"minecraft:furnace":2,"minecraft:cooked_mutton":4,"minecraft:water_bucket":20,"minecraft:stone_pickaxe":128,"minecraft:wooden_pickaxe":3,"vampirism:human_heart":2,"minecraft:golden_apple":2,"minecraft:crafting_table":4,"minecraft:spruce_log":2,"minecraft:oak_log":6,"waystones:waystone":1,"minecraft:bread":2,"minecraft:iron_pickaxe":108,"werewolves:liver":25,"minecraft:stone_axe":102,"minecraft:wooden_sword":36,"minecraft:cooked_porkchop":1,"minecraft:bucket":21,"alexsmobs:animal_dictionary":1},"minecraft:broken":{"minecraft:chainmail_leggings":1,"minecraft:iron_sword":2}},"DataVersion":3465}