{"stats":{"minecraft:dropped":{"vampirism:item_garlic":1,"minecraft:iron_sword":1,"minecraft:brown_mushroom":1,"divinerpg:cyclops_eye_shards":1,"minecraft:wheat_seeds":7,"minecraft:mossy_cobblestone":1,"minecraft:glass_bottle":2,"minecraft:cobblestone":5,"minecraft:granite":1,"biomesoplenty:fir_sapling":7,"minecraft:dirt":23,"duneons:giter":1,"minecraft:stone_button":9,"minecraft:cornflower":1,"minecraft:oak_stairs":1,"minecraft:wooden_sword":1,"irons_spellbooks:common_ink":1,"iceandfire:ash":1,"minecraft:white_banner":2,"minecraft:iron_axe":1,"minecraft:smooth_stone":1,"minecraft:chainmail_leggings":1,"minecraft:spruce_sapling":17,"minecraft:dandelion":2,"minecraft:gravel":1,"minecraft:smooth_stone_slab":2,"vampirism:obi_belt":2,"minecraft:polished_deepslate_slab":1,"minecraft:rotten_flesh":1,"minecraft:iron_boots":1,"minecraft:cobbled_deepslate_slab":3,"divinerpg:terran_shards":1,"minecraft:leather_chestplate":1,"werewolves:bone_necklace":1,"minecraft:turtle_helmet":1,"minecraft:gunpowder":1,"minecraft:spruce_planks":59,"mysticalagriculture:inferium_essence":1,"minecraft:melon_seeds":1,"minecraft:stone_brick_wall":2,"apotheosis:gem":1,"minecraft:powered_rail":3,"minecraft:stone_pickaxe":1,"divinerpg:bloodgem":1},"minecraft:picked_up":{"irons_spellbooks:scroll":5,"minecraft:iron_chestplate":3,"minecraft:crafting_table":5,"minecraft:smithing_table":1,"minecraft:turtle_helmet":2,"minecraft:brown_mushroom":1,"minecraft:oak_stairs":3,"minecraft:stone_brick_wall":3,"irons_spellbooks:holy_rune":4,"minecraft:potion":3,"minecraft:shield":1,"minecraft:cornflower":1,"minecraft:string":1,"duneons:coin":30,"minecraft:iron_axe":2,"minecraft:wooden_sword":1,"minecraft:smooth_stone_slab":3,"vampirism:obi_belt":3,"iceandfire:bestiary":1,"irons_spellbooks:arcane_essence":17,"mysticalagriculture:inferium_essence":41,"minecraft:smooth_stone":5,"minecraft:spruce_planks":22,"werewolves:bone_necklace":1,"minecraft:oak_boat":2,"minecraft:rose_bush":2,"minecraft:iron_pickaxe":1,"werewolves:pelt":1,"irons_spellbooks:inscription_table":1,"iceandfire:dragonscales_red":17,"minecraft:iron_boots":1,"minecraft:furnace":7,"minecraft:raw_iron":19,"minecraft:stick":9,"iceandfire:dragonbone":10,"apotheosis:gem":1,"minecraft:polished_deepslate_slab":2,"minecraft:torch":27,"divinerpg:terran_shards":7,"werewolves:liver":62,"travelersbackpack:iron_tier_upgrade":1,"vampirism:holy_water_bottle_enhanced":1,"minecraft:stone_button":13,"vampirism:vampire_fang":3,"minecraft:trident":1,"vampirism:amulet":1,"minecraft:redstone":9,"minecraft:stone_pressure_plate":4,"minecraft:rotten_flesh":11,"iceandfire:fire_dragon_heart":1,"minecraft:mutton":3,"minecraft:iron_bars":4,"botania:green_mystical_flower":1,"minecraft:white_wool":3,"minecraft:cobblestone":153,"minecraft:leather_chestplate":1,"biomesoplenty:fir_sapling":11,"biomesoplenty:fir_log":46,"artifacts:onion_ring":1,"minecraft:flint":1,"werewolves:dream_catcher":1,"minecraft:oak_log":20,"minecraft:gunpowder":3,"minecraft:wither_skeleton_skull":2,"minecraft:dirt":49,"minecraft:paper":14,"minecraft:lantern":1,"minecraft:white_banner":4,"irons_spellbooks:rare_ink":5,"minecraft:name_tag":1,"minecraft:cooked_mutton":1,"irons_spellbooks:common_ink":6,"minecraft:bone":24,"vampirism:human_heart":24,"minecraft:stonecutter":1,"minecraft:apple":1,"minecraft:stone_bricks":50,"duneons:giter":1,"minecraft:bow":1,"minecraft:wheat_seeds":15,"minecraft:cobbled_deepslate_slab":3,"vampirism:item_garlic":1,"minecraft:iron_ingot":10,"minecraft:glass_bottle":2,"minecraft:powered_rail":3,"vampirism:holy_water_bottle_ultimate":1,"minecraft:oak_planks":2,"minecraft:iron_sword":2,"iceandfire:fire_dragon_flesh":1,"divinerpg:realmite_ingot":2,"minecraft:cooked_porkchop":1,"iceandfire:podium_spruce":2,"irons_spellbooks:legendary_ink":1,"divinerpg:cyclops_eye_shards":3,"iceandfire:ash":1,"vampirism:ring":1,"minecraft:dandelion":4,"minecraft:gravel":7,"iceandfire:dragon_skull_fire":1,"minecraft:spruce_sapling":17,"minecraft:spruce_log":100,"minecraft:white_bed":3,"divinerpg:ender_shards":2,"minecraft:lily_of_the_valley":3,"minecraft:mossy_cobblestone":1,"duneons:teapot":1,"minecraft:pumpkin_seeds":4,"divinerpg:bloodgem":1,"minecraft:diamond":3,"iceandfire:lectern":1,"waystones:waystone":2,"minecraft:chainmail_leggings":2,"minecraft:granite":3,"minecraft:emerald":27,"minecraft:bread":11,"werewolves:cracked_bone":7,"minecraft:oak_sapling":5,"minecraft:melon_seeds":1,"minecraft:coal":94,"minecraft:wooden_axe":1,"minecraft:ender_pearl":1},"minecraft:killed_by":{"divinerpg:pumpkin_spider":1},"minecraft:killed":{"vampirism:vampire":1,"divinerpg:aequorea":1,"irons_spellbooks:summoned_zombie":4,"divinerpg:cyclops":3,"minecraft:witch":1,"vampirism:advanced_vampire":2,"divinerpg:cave_crawler":1,"irons_spellbooks:priest":3,"graveyard:revenant":1,"minecraft:spider":1,"minecraft:skeleton":1,"werewolves:werewolf_beast":5,"iceandfire:fire_dragon":1,"vampirism:task_master_hunter":2,"divinerpg:rotatick":1,"divinerpg:kobblin":5,"irons_spellbooks:summoned_skeleton":2,"duneons:vangruardskeleton":1,"duneons:frozenzombie":1,"minecraft:iron_golem":1,"irons_spellbooks:necromancer":1,"minecraft:creeper":3,"vampirism:hunter":57,"minecraft:sheep":3,"divinerpg:miner":3,"minecraft:zombie":9,"iceandfire:ghost":1,"werewolves:werewolf_survivalist":9},"minecraft:mined":{"minecraft:stone_pressure_plate":1,"minecraft:white_bed":2,"minecraft:mossy_cobblestone":6,"graveyard:gray_urn":1,"minecraft:cobbled_deepslate_slab":10,"gravestone:gravestone":2,"minecraft:stone_brick_wall":2,"minecraft:grass_block":10,"minecraft:decorated_pot":1,"iceandfire:lectern":1,"minecraft:redstone_wire":10,"minecraft:oak_pressure_plate":2,"minecraft:soul_soil":1,"minecraft:spruce_leaves":9,"duneons:coinsstage_1":1,"minecraft:hay_block":4,"duneons:flowerscactusred":1,"minecraft:large_fern":2,"minecraft:smooth_stone":5,"minecraft:furnace":7,"minecraft:iron_ore":19,"minecraft:fire":10,"minecraft:andesite":2,"minecraft:vine":1,"minecraft:iron_bars":2,"duneons:loot_biggrey":1,"minecraft:polished_deepslate_slab":7,"minecraft:quartz_slab":1,"minecraft:lantern":1,"iceandfire:podium_spruce":2,"irons_spellbooks:inscription_table":1,"duneons:urn_loot_big_red":1,"minecraft:stone":110,"graveyard:wither_skull_pile":1,"minecraft:smithing_table":1,"botania:green_mystical_flower":1,"minecraft:podzol":7,"minecraft:glass_pane":4,"duneons:coins":2,"minecraft:crafting_table":5,"minecraft:rose_bush":3,"minecraft:tall_grass":9,"minecraft:cobblestone":34,"duneons:naturalcandle":1,"minecraft:oak_planks":2,"minecraft:sculk":7,"minecraft:wall_torch":1,"minecraft:air":8,"graveyard:vase_block":1,"minecraft:wheat":3,"minecraft:spruce_log":92,"biomesoplenty:fir_log":47,"minecraft:stone_brick_stairs":2,"minecraft:smooth_stone_slab":5,"minecraft:wither_rose":2,"minecraft:grass":42,"minecraft:coal_ore":25,"minecraft:oak_log":14,"minecraft:gravel":8,"graveyard:leaning_skeleton":1,"minecraft:dirt":12,"minecraft:cobweb":28,"minecraft:stonecutter":1,"duneons:teapot":1,"minecraft:stone_bricks":48,"minecraft:wither_skeleton_skull":1,"duneons:coinsstage_2":1,"minecraft:oak_leaves":1,"minecraft:fern":24,"iceandfire:chared_stone":2},"minecraft:custom":{"minecraft:interact_with_smithing_table":1,"minecraft:mob_kills":130,"minecraft:animals_bred":4,"minecraft:interact_with_crafting_table":26,"minecraft:bell_ring":76,"minecraft:damage_dealt_resisted":3099,"minecraft:leave_game":9,"minecraft:time_since_death":991,"minecraft:damage_resisted":151,"minecraft:climb_one_cm":14744,"minecraft:sprint_one_cm":1174340,"minecraft:walk_one_cm":832350,"minecraft:damage_blocked_by_shield":717,"minecraft:drop":96,"vampirism:interact_with_totem":6,"vampirism:skills_unlocked":10,"minecraft:talked_to_villager":1,"minecraft:play_time":428389,"minecraft:sneak_time":3348,"minecraft:deaths":17,"minecraft:walk_under_water_one_cm":19268,"minecraft:boat_one_cm":28305,"minecraft:interact_with_brewingstand":1,"minecraft:jump":7490,"minecraft:walk_on_water_one_cm":34368,"minecraft:total_world_time":428389,"vampirism:blood_drunk":27400,"minecraft:interact_with_furnace":16,"minecraft:interact_with_stonecutter":3,"minecraft:sleep_in_bed":14,"minecraft:time_since_rest":1019,"minecraft:waystone_activated":5,"minecraft:damage_taken":8809,"minecraft:damage_absorbed":72,"minecraft:damage_dealt":38913,"minecraft:swim_one_cm":94603,"minecraft:fly_one_cm":926827,"minecraft:open_chest":108,"minecraft:crouch_one_cm":4195,"minecraft:fall_one_cm":146144},"minecraft:crafted":{"minecraft:wooden_sword":1,"minecraft:oak_planks":32,"werewolves:stone_altar_fire_bowl":4,"minecraft:furnace":3,"minecraft:stone":10,"minecraft:flint_and_steel":1,"minecraft:cooked_mutton":3,"minecraft:stone_pickaxe":1,"quark:spruce_chest":4,"minecraft:crafting_table":2,"minecraft:spruce_planks":136,"minecraft:wooden_pickaxe":1,"werewolves:stone_altar":1,"minecraft:iron_sword":1,"minecraft:bucket":1,"minecraft:bone":2,"minecraft:stone_axe":1,"minecraft:air":0,"biomesoplenty:fir_planks":156,"minecraft:oak_boat":1,"minecraft:shield":1,"naturescompass:naturescompass":1,"minecraft:stick":16,"minecraft:compass":1,"minecraft:iron_pickaxe":1,"minecraft:stone_sword":1,"minecraft:white_bed":1,"minecraft:torch":16},"minecraft:used":{"iceandfire:lectern":1,"minecraft:trident":1,"minecraft:stone_sword":49,"minecraft:flint_and_steel":4,"minecraft:shield":21,"minecraft:iron_sword":766,"minecraft:rotten_flesh":1,"minecraft:torch":31,"minecraft:dirt":19,"duneons:teapot":1,"minecraft:granite":2,"werewolves:stone_altar":1,"quark:spruce_chest":4,"minecraft:lantern":1,"minecraft:iron_axe":112,"minecraft:furnace":10,"minecraft:cooked_mutton":4,"minecraft:water_bucket":25,"iceandfire:fire_dragon_flesh":1,"minecraft:stone_pickaxe":128,"vampirism:human_heart":5,"minecraft:wooden_pickaxe":3,"biomesoplenty:fir_planks":120,"minecraft:stonecutter":1,"minecraft:golden_apple":2,"iceandfire:podium_spruce":2,"minecraft:crafting_table":6,"minecraft:white_bed":4,"minecraft:spruce_log":2,"minecraft:oak_log":6,"waystones:waystone":2,"werewolves:stone_altar_fire_bowl":4,"minecraft:bread":2,"minecraft:iron_pickaxe":202,"minecraft:gravel":6,"werewolves:liver":29,"minecraft:stone_axe":102,"minecraft:wooden_sword":36,"minecraft:cooked_porkchop":1,"minecraft:smithing_table":1,"minecraft:bucket":26,"minecraft:oak_boat":2,"alexsmobs:animal_dictionary":1,"irons_spellbooks:inscription_table":1},"minecraft:broken":{"minecraft:chainmail_leggings":1,"minecraft:iron_sword":2}},"DataVersion":3465}