{"stats":{"minecraft:broken":{"minecraft:iron_sword":1},"minecraft:dropped":{"minecraft:brown_mushroom":1,"divinerpg:cyclops_eye_shards":1,"minecraft:wheat_seeds":2,"minecraft:mossy_cobblestone":1,"minecraft:granite":1,"duneons:giter":1,"minecraft:dirt":22,"minecraft:stone_button":9,"minecraft:oak_stairs":1,"minecraft:wooden_sword":1,"iceandfire:ash":1,"minecraft:iron_axe":1,"minecraft:white_banner":1,"minecraft:smooth_stone":1,"minecraft:chainmail_leggings":1,"minecraft:spruce_sapling":14,"minecraft:smooth_stone_slab":2,"minecraft:polished_deepslate_slab":1,"minecraft:rotten_flesh":1,"minecraft:iron_boots":1,"minecraft:cobbled_deepslate_slab":3,"minecraft:leather_chestplate":1,"minecraft:turtle_helmet":1,"minecraft:spruce_planks":59,"mysticalagriculture:inferium_essence":1,"minecraft:melon_seeds":1,"minecraft:stone_brick_wall":1,"apotheosis:gem":1,"minecraft:stone_pickaxe":1,"divinerpg:bloodgem":1},"minecraft:picked_up":{"irons_spellbooks:scroll":1,"minecraft:crafting_table":4,"minecraft:iron_chestplate":2,"minecraft:turtle_helmet":2,"minecraft:brown_mushroom":1,"minecraft:oak_stairs":3,"minecraft:stone_brick_wall":1,"irons_spellbooks:holy_rune":2,"minecraft:potion":3,"minecraft:shield":1,"minecraft:string":1,"duneons:coin":30,"minecraft:iron_axe":2,"minecraft:wooden_sword":1,"minecraft:smooth_stone_slab":2,"irons_spellbooks:arcane_essence":3,"mysticalagriculture:inferium_essence":26,"minecraft:smooth_stone":1,"minecraft:spruce_planks":22,"minecraft:iron_pickaxe":1,"irons_spellbooks:inscription_table":1,"minecraft:iron_boots":1,"minecraft:polished_deepslate_slab":2,"minecraft:furnace":1,"minecraft:stick":4,"minecraft:raw_iron":15,"apotheosis:gem":1,"minecraft:torch":17,"divinerpg:terran_shards":6,"werewolves:liver":34,"minecraft:stone_button":13,"minecraft:trident":1,"minecraft:rotten_flesh":2,"minecraft:mutton":3,"minecraft:iron_bars":4,"minecraft:white_wool":3,"minecraft:cobblestone":128,"minecraft:leather_chestplate":1,"minecraft:oak_log":10,"minecraft:gunpowder":2,"minecraft:wither_skeleton_skull":2,"minecraft:dirt":47,"minecraft:paper":14,"minecraft:white_banner":3,"irons_spellbooks:rare_ink":2,"minecraft:cooked_mutton":1,"irons_spellbooks:common_ink":5,"minecraft:bone":24,"vampirism:human_heart":11,"minecraft:stone_bricks":2,"duneons:giter":1,"minecraft:wheat_seeds":5,"minecraft:cobbled_deepslate_slab":3,"minecraft:iron_ingot":10,"minecraft:iron_sword":1,"minecraft:oak_planks":2,"minecraft:cooked_porkchop":1,"iceandfire:ash":1,"divinerpg:cyclops_eye_shards":3,"minecraft:spruce_sapling":14,"divinerpg:ender_shards":2,"minecraft:spruce_log":100,"minecraft:lily_of_the_valley":3,"minecraft:mossy_cobblestone":1,"divinerpg:bloodgem":1,"minecraft:diamond":3,"waystones:waystone":1,"minecraft:chainmail_leggings":2,"minecraft:granite":3,"minecraft:emerald":27,"minecraft:bread":9,"werewolves:cracked_bone":1,"minecraft:melon_seeds":1,"minecraft:coal":67,"minecraft:ender_pearl":1},"minecraft:crafted":{"minecraft:wooden_sword":1,"minecraft:furnace":1,"minecraft:cooked_mutton":3,"minecraft:stone_pickaxe":1,"quark:spruce_chest":4,"minecraft:crafting_table":1,"minecraft:spruce_planks":136,"minecraft:wooden_pickaxe":1,"minecraft:iron_sword":1,"minecraft:bucket":1,"minecraft:bone":2,"minecraft:stone_axe":1,"minecraft:air":0,"minecraft:shield":1,"minecraft:stick":16,"minecraft:iron_pickaxe":1,"minecraft:stone_sword":1,"minecraft:torch":16},"minecraft:mined":{"minecraft:mossy_cobblestone":6,"graveyard:gray_urn":1,"gravestone:gravestone":2,"minecraft:cobbled_deepslate_slab":10,"minecraft:grass_block":8,"minecraft:decorated_pot":1,"minecraft:oak_pressure_plate":2,"minecraft:soul_soil":1,"minecraft:spruce_leaves":7,"duneons:coinsstage_1":1,"duneons:flowerscactusred":1,"minecraft:large_fern":2,"minecraft:hay_block":4,"minecraft:smooth_stone":1,"minecraft:furnace":1,"minecraft:iron_ore":15,"minecraft:fire":6,"minecraft:andesite":2,"minecraft:polished_deepslate_slab":7,"duneons:loot_biggrey":1,"minecraft:quartz_slab":1,"minecraft:iron_bars":2,"irons_spellbooks:inscription_table":1,"duneons:urn_loot_big_red":1,"minecraft:stone":109,"graveyard:wither_skull_pile":1,"minecraft:podzol":7,"duneons:coins":2,"minecraft:crafting_table":4,"minecraft:tall_grass":5,"minecraft:cobblestone":9,"duneons:naturalcandle":1,"minecraft:oak_planks":2,"minecraft:wall_torch":1,"minecraft:air":7,"graveyard:vase_block":1,"minecraft:wheat":3,"minecraft:spruce_log":92,"minecraft:wither_rose":2,"minecraft:stone_brick_stairs":2,"minecraft:smooth_stone_slab":4,"minecraft:grass":17,"minecraft:oak_log":6,"minecraft:coal_ore":24,"minecraft:gravel":1,"graveyard:leaning_skeleton":1,"minecraft:dirt":12,"minecraft:cobweb":28,"minecraft:wither_skeleton_skull":1,"duneons:coinsstage_2":1,"minecraft:fern":21,"iceandfire:chared_stone":1},"minecraft:custom":{"minecraft:mob_kills":60,"minecraft:animals_bred":4,"minecraft:interact_with_crafting_table":14,"minecraft:damage_dealt_resisted":888,"minecraft:leave_game":3,"minecraft:time_since_death":19964,"minecraft:climb_one_cm":10474,"minecraft:damage_resisted":73,"minecraft:sprint_one_cm":642791,"minecraft:walk_one_cm":589743,"minecraft:damage_blocked_by_shield":42,"minecraft:drop":57,"vampirism:interact_with_totem":3,"vampirism:skills_unlocked":8,"minecraft:talked_to_villager":1,"minecraft:play_time":312376,"minecraft:sneak_time":1459,"minecraft:deaths":15,"minecraft:walk_under_water_one_cm":12937,"minecraft:interact_with_brewingstand":1,"minecraft:jump":5003,"minecraft:walk_on_water_one_cm":17919,"minecraft:total_world_time":312376,"vampirism:blood_drunk":12400,"minecraft:interact_with_furnace":9,"minecraft:sleep_in_bed":7,"minecraft:time_since_rest":7924,"minecraft:waystone_activated":4,"minecraft:damage_taken":6142,"minecraft:damage_absorbed":72,"minecraft:damage_dealt":16520,"minecraft:swim_one_cm":61578,"minecraft:fly_one_cm":516917,"minecraft:open_chest":58,"minecraft:crouch_one_cm":2888,"minecraft:fall_one_cm":93168},"minecraft:killed_by":{"divinerpg:pumpkin_spider":1},"minecraft:used":{"irons_spellbooks:inscription_table":1,"minecraft:trident":1,"minecraft:stone_sword":49,"minecraft:shield":1,"minecraft:iron_sword":325,"minecraft:rotten_flesh":1,"minecraft:torch":1,"minecraft:dirt":18,"minecraft:granite":2,"quark:spruce_chest":4,"minecraft:iron_axe":14,"minecraft:furnace":2,"minecraft:cooked_mutton":4,"minecraft:water_bucket":5,"minecraft:stone_pickaxe":128,"minecraft:wooden_pickaxe":3,"vampirism:human_heart":2,"minecraft:golden_apple":2,"minecraft:crafting_table":4,"minecraft:spruce_log":2,"minecraft:oak_log":6,"waystones:waystone":1,"minecraft:bread":2,"minecraft:iron_pickaxe":84,"werewolves:liver":14,"minecraft:stone_axe":102,"minecraft:wooden_sword":36,"minecraft:cooked_porkchop":1,"minecraft:bucket":6,"alexsmobs:animal_dictionary":1},"minecraft:killed":{"vampirism:vampire":1,"divinerpg:aequorea":1,"irons_spellbooks:summoned_zombie":4,"divinerpg:cyclops":3,"vampirism:advanced_vampire":2,"irons_spellbooks:priest":1,"graveyard:revenant":1,"minecraft:spider":1,"minecraft:skeleton":1,"werewolves:werewolf_beast":1,"divinerpg:kobblin":4,"irons_spellbooks:summoned_skeleton":2,"duneons:vangruardskeleton":1,"irons_spellbooks:necromancer":1,"minecraft:creeper":2,"vampirism:hunter":21,"minecraft:sheep":3,"minecraft:zombie":2,"iceandfire:ghost":1,"werewolves:werewolf_survivalist":3}},"DataVersion":3465}