{"stats":{"minecraft:killed":{"vampirism:vampire":1,"werewolves:werewolf_beast":1,"minecraft:zombie":1,"irons_spellbooks:summoned_zombie":3,"irons_spellbooks:necromancer":1,"werewolves:werewolf_survivalist":1},"minecraft:picked_up":{"minecraft:crafting_table":1,"minecraft:brown_mushroom":1,"werewolves:liver":2,"minecraft:spruce_log":6,"minecraft:dirt":1,"minecraft:rotten_flesh":2,"mysticalagriculture:inferium_essence":2,"minecraft:granite":3,"werewolves:cracked_bone":1,"minecraft:coal":7,"minecraft:cobblestone":39},"minecraft:used":{"minecraft:stone_sword":21,"minecraft:stone_pickaxe":43,"minecraft:wooden_pickaxe":3,"minecraft:rotten_flesh":1,"minecraft:stone_axe":1,"minecraft:wooden_sword":36,"minecraft:dirt":1,"minecraft:crafting_table":1,"minecraft:spruce_log":2},"minecraft:dropped":{"minecraft:brown_mushroom":1},"minecraft:mined":{"minecraft:podzol":3,"minecraft:spruce_log":6,"minecraft:crafting_table":1,"minecraft:grass":1,"minecraft:coal_ore":7,"minecraft:spruce_leaves":4,"minecraft:stone":39,"minecraft:fern":1},"minecraft:crafted":{"minecraft:wooden_sword":1,"minecraft:crafting_table":1,"minecraft:spruce_planks":16,"minecraft:stick":8,"minecraft:wooden_pickaxe":1,"minecraft:stone_pickaxe":1,"minecraft:stone_sword":1,"minecraft:stone_axe":1},"minecraft:custom":{"minecraft:time_since_rest":1989,"minecraft:sprint_one_cm":25217,"minecraft:damage_taken":937,"minecraft:walk_one_cm":48421,"minecraft:mob_kills":9,"minecraft:drop":1,"minecraft:damage_dealt":1892,"minecraft:interact_with_crafting_table":6,"minecraft:fly_one_cm":11950,"minecraft:crouch_one_cm":449,"minecraft:play_time":27911,"minecraft:deaths":3,"minecraft:sneak_time":280,"minecraft:walk_under_water_one_cm":572,"minecraft:jump":1686,"minecraft:damage_dealt_resisted":0,"minecraft:time_since_death":1944,"minecraft:walk_on_water_one_cm":5399,"minecraft:total_world_time":27911,"minecraft:fall_one_cm":7474}},"DataVersion":3465}