{"stats":{"minecraft:mined":{"minecraft:podzol":7,"minecraft:mossy_cobblestone":1,"graveyard:gray_urn":1,"minecraft:crafting_table":4,"minecraft:cobbled_deepslate_slab":10,"minecraft:grass_block":7,"minecraft:oak_pressure_plate":2,"minecraft:soul_soil":1,"minecraft:spruce_leaves":7,"minecraft:oak_planks":2,"minecraft:wall_torch":1,"minecraft:hay_block":4,"minecraft:air":7,"minecraft:large_fern":2,"graveyard:vase_block":1,"minecraft:furnace":1,"minecraft:iron_ore":15,"minecraft:spruce_log":92,"minecraft:wither_rose":2,"minecraft:grass":9,"minecraft:oak_log":6,"minecraft:coal_ore":24,"minecraft:polished_deepslate_slab":7,"minecraft:quartz_slab":1,"minecraft:iron_bars":2,"graveyard:leaning_skeleton":1,"minecraft:dirt":9,"minecraft:cobweb":1,"minecraft:wither_skeleton_skull":1,"minecraft:stone":46,"graveyard:wither_skull_pile":1,"minecraft:fern":21},"minecraft:killed_by":{"divinerpg:pumpkin_spider":1},"minecraft:crafted":{"minecraft:wooden_sword":1,"minecraft:crafting_table":1,"minecraft:spruce_planks":136,"minecraft:wooden_pickaxe":1,"minecraft:furnace":1,"minecraft:bone":2,"minecraft:stone_axe":1,"minecraft:cooked_mutton":3,"minecraft:air":0,"minecraft:shield":1,"minecraft:stick":12,"minecraft:stone_pickaxe":1,"minecraft:stone_sword":1,"minecraft:torch":16},"minecraft:killed":{"vampirism:vampire":1,"divinerpg:aequorea":1,"irons_spellbooks:summoned_zombie":3,"divinerpg:cyclops":3,"vampirism:advanced_vampire":2,"graveyard:revenant":1,"minecraft:spider":1,"irons_spellbooks:necromancer":1,"minecraft:skeleton":1,"minecraft:sheep":3,"werewolves:werewolf_beast":1,"minecraft:zombie":2,"divinerpg:kobblin":4,"werewolves:werewolf_survivalist":2,"duneons:vangruardskeleton":1},"minecraft:custom":{"minecraft:interact_with_furnace":7,"minecraft:mob_kills":28,"minecraft:interact_with_crafting_table":10,"minecraft:damage_dealt_resisted":244,"minecraft:leave_game":2,"minecraft:time_since_death":116627,"minecraft:sleep_in_bed":1,"minecraft:climb_one_cm":2122,"minecraft:damage_resisted":32,"minecraft:waystone_activated":2,"minecraft:time_since_rest":13092,"minecraft:sprint_one_cm":269877,"minecraft:damage_absorbed":72,"minecraft:damage_taken":2336,"minecraft:walk_one_cm":234537,"minecraft:drop":33,"vampirism:skills_unlocked":1,"minecraft:damage_dealt":7435,"minecraft:swim_one_cm":46810,"minecraft:fly_one_cm":252527,"minecraft:open_chest":11,"minecraft:crouch_one_cm":1741,"minecraft:play_time":196203,"minecraft:deaths":8,"minecraft:sneak_time":973,"minecraft:walk_under_water_one_cm":10646,"minecraft:interact_with_brewingstand":1,"minecraft:jump":3257,"minecraft:walk_on_water_one_cm":13426,"minecraft:total_world_time":196203,"minecraft:fall_one_cm":45072},"minecraft:used":{"minecraft:cooked_mutton":3,"minecraft:stone_sword":49,"minecraft:stone_pickaxe":113,"minecraft:wooden_pickaxe":3,"minecraft:iron_sword":101,"minecraft:rotten_flesh":1,"minecraft:torch":1,"minecraft:golden_apple":2,"minecraft:dirt":18,"minecraft:crafting_table":4,"minecraft:granite":2,"minecraft:spruce_log":2,"minecraft:oak_log":6,"minecraft:iron_axe":10,"minecraft:stone_axe":102,"minecraft:wooden_sword":36,"minecraft:furnace":1,"alexsmobs:animal_dictionary":1},"minecraft:dropped":{"minecraft:brown_mushroom":1,"divinerpg:cyclops_eye_shards":1,"minecraft:wheat_seeds":1,"minecraft:mossy_cobblestone":1,"minecraft:polished_deepslate_slab":1,"minecraft:rotten_flesh":1,"minecraft:granite":1,"minecraft:cobbled_deepslate_slab":3,"minecraft:dirt":20,"minecraft:leather_chestplate":1,"minecraft:turtle_helmet":1,"minecraft:spruce_planks":59,"minecraft:melon_seeds":1,"minecraft:chainmail_leggings":1,"divinerpg:bloodgem":1},"minecraft:picked_up":{"minecraft:iron_chestplate":1,"minecraft:crafting_table":4,"minecraft:leather_chestplate":1,"minecraft:turtle_helmet":1,"minecraft:brown_mushroom":1,"minecraft:oak_log":6,"minecraft:wither_skeleton_skull":1,"minecraft:dirt":41,"minecraft:string":1,"minecraft:bone":12,"minecraft:wheat_seeds":3,"mysticalagriculture:inferium_essence":7,"minecraft:cobbled_deepslate_slab":3,"minecraft:iron_ingot":10,"minecraft:furnace":1,"minecraft:stick":3,"minecraft:raw_iron":15,"minecraft:polished_deepslate_slab":2,"minecraft:torch":1,"divinerpg:cyclops_eye_shards":3,"divinerpg:terran_shards":6,"werewolves:liver":3,"minecraft:spruce_sapling":14,"minecraft:spruce_log":100,"minecraft:lily_of_the_valley":3,"minecraft:mossy_cobblestone":1,"divinerpg:bloodgem":1,"minecraft:rotten_flesh":2,"minecraft:diamond":3,"minecraft:chainmail_leggings":1,"minecraft:granite":3,"werewolves:cracked_bone":1,"minecraft:melon_seeds":1,"minecraft:mutton":3,"minecraft:iron_bars":4,"minecraft:coal":33,"minecraft:white_wool":3,"minecraft:cobblestone":46}},"DataVersion":3465}