{"stats":{"minecraft:crafted":{"minecraft:oak_planks":40,"irons_spellbooks:iron_spell_book":1,"minecraft:chain":3,"werewolves:stone_altar_fire_bowl":4,"minecraft:cooked_chicken":5,"minecraft:stone":64,"patchouli:guide_book":1,"minecraft:cooked_mutton":3,"minecraft:wooden_shovel":1,"minecraft:arrow":256,"minecraft:crafting_table":2,"minecraft:spruce_planks":148,"minecraft:wooden_pickaxe":1,"werewolves:stone_altar":1,"minecraft:fletching_table":1,"iceandfire:armor_gray_chestplate":1,"biomesoplenty:fir_planks":196,"minecraft:book":1,"minecraft:shield":1,"naturescompass:naturescompass":1,"minecraft:stick":28,"divinerpg:realmite_sword":1,"minecraft:iron_ingot":20,"minecraft:compass":1,"minecraft:iron_pickaxe":1,"minecraft:iron_block":3,"minecraft:stone_sword":1,"minecraft:wooden_sword":1,"iceandfire:armor_gray_leggings":1,"minecraft:iron_nugget":9,"minecraft:furnace":3,"irons_spellbooks:graybeard_staff":1,"minecraft:flint_and_steel":1,"minecraft:stone_pickaxe":1,"quark:spruce_chest":5,"minecraft:iron_sword":2,"minecraft:bucket":1,"minecraft:bone":2,"minecraft:stone_axe":1,"minecraft:air":0,"minecraft:oak_boat":1,"minecraft:anvil":1,"minecraft:white_bed":1,"minecraft:torch":16},"minecraft:custom":{"minecraft:animals_bred":4,"minecraft:interact_with_crafting_table":40,"minecraft:open_barrel":7,"minecraft:bell_ring":117,"minecraft:leave_game":26,"minecraft:time_since_death":32823,"minecraft:damage_resisted":388,"minecraft:sprint_one_cm":2926603,"minecraft:damage_blocked_by_shield":917,"minecraft:drop":304,"vampirism:interact_with_totem":12,"minecraft:talked_to_villager":12,"minecraft:play_time":873156,"minecraft:deaths":55,"minecraft:jump":15475,"minecraft:interact_with_brewingstand":1,"minecraft:walk_on_water_one_cm":83871,"minecraft:interact_with_furnace":38,"werewolves:action_time_human_form":278283,"minecraft:traded_with_villager":16,"minecraft:sleep_in_bed":19,"vampirism:actions_used":42,"minecraft:waystone_activated":6,"minecraft:damage_dealt":110850,"minecraft:crouch_one_cm":8795,"minecraft:interact_with_smithing_table":2,"minecraft:interact_with_anvil":8,"minecraft:mob_kills":461,"minecraft:damage_dealt_resisted":7973,"werewolves:action_used_human_form":41,"minecraft:climb_one_cm":17607,"minecraft:walk_one_cm":2028263,"vampirism:skills_unlocked":218,"vampirism:capture_village":1,"minecraft:sneak_time":6345,"minecraft:walk_under_water_one_cm":74464,"minecraft:boat_one_cm":28305,"minecraft:total_world_time":873156,"vampirism:win_village_capture":2,"vampirism:blood_drunk":63200,"minecraft:interact_with_stonecutter":3,"minecraft:time_since_rest":32867,"minecraft:damage_taken":24512,"minecraft:damage_absorbed":112,"minecraft:trigger_trapped_chest":1,"werewolves:action_used_howling":1,"minecraft:swim_one_cm":143820,"minecraft:fly_one_cm":2314802,"minecraft:open_chest":229,"vampirism:defend_village":1,"minecraft:fall_one_cm":342949},"minecraft:used":{"iceandfire:lectern":1,"minecraft:shield":26,"minecraft:iron_sword":1902,"minecraft:rotten_flesh":31,"minecraft:iron_chestplate":2,"minecraft:snowball":1,"werewolves:stone_altar":2,"minecraft:lantern":1,"minecraft:stone_bricks":2,"minecraft:bow":182,"iceandfire:chared_stone":6,"minecraft:sweet_berries":2,"minecraft:furnace":10,"minecraft:egg":1,"minecraft:diamond_boots":1,"minecraft:stone_pickaxe":128,"vampirism:human_heart":16,"minecraft:wooden_pickaxe":3,"biomesoplenty:fir_planks":131,"minecraft:chainmail_helmet":1,"minecraft:golden_apple":3,"iceandfire:podium_spruce":2,"waystones:waystone":2,"minecraft:bread":11,"werewolves:stone_altar_fire_bowl":4,"minecraft:gravel":51,"minecraft:wooden_sword":36,"minecraft:smithing_table":1,"minecraft:oak_boat":2,"minecraft:oak_trapdoor":1,"minecraft:trident":1,"minecraft:rose_bush":1,"divinerpg:realmite_pickaxe":19,"minecraft:stone_sword":49,"minecraft:flint_and_steel":15,"duneons:greenswoed":78,"minecraft:cooked_chicken":5,"minecraft:torch":35,"minecraft:dirt":42,"minecraft:anvil":1,"duneons:teapot":1,"minecraft:granite":2,"quark:spruce_chest":5,"minecraft:iron_axe":197,"werewolves:wolf_berries":62,"minecraft:diamond_chestplate":1,"divinerpg:realmite_sword":36,"minecraft:beef":4,"minecraft:cooked_beef":1,"minecraft:cooked_mutton":4,"minecraft:water_bucket":40,"iceandfire:fire_dragon_flesh":1,"minecraft:fletching_table":4,"minecraft:stonecutter":1,"iceandfire:chared_dirt":2,"minecraft:crafting_table":6,"minecraft:white_bed":4,"bosses_of_mass_destruction:soul_star":1,"minecraft:spruce_log":3,"minecraft:oak_log":6,"minecraft:diamond_pickaxe":37,"minecraft:chicken":1,"minecraft:iron_pickaxe":209,"werewolves:liver":52,"minecraft:stone_axe":102,"minecraft:cobblestone":18,"minecraft:porkchop":8,"minecraft:cooked_porkchop":1,"minecraft:bucket":41,"alexsmobs:animal_dictionary":1,"irons_spellbooks:inscription_table":1,"minecraft:chainmail_leggings":1},"minecraft:killed_by":{"irons_spellbooks:summoned_zombie":1,"werewolves:werewolf_beast":1,"iceandfire:fire_dragon":1,"divinerpg:pumpkin_spider":4},"minecraft:picked_up":{"irons_spellbooks:scroll":7,"minecraft:iron_chestplate":8,"minecraft:wheat":1,"minecraft:chainmail_boots":6,"minecraft:smithing_table":1,"minecraft:lead":2,"minecraft:oak_stairs":3,"minecraft:potion":3,"irons_spellbooks:holy_rune":11,"minecraft:wither_rose":2,"minecraft:enchanted_book":3,"divinerpg:divine_sapling":2,"minecraft:string":13,"duneons:coin":30,"irons_spellbooks:graybeard_staff":3,"minecraft:smooth_stone_slab":3,"minecraft:iron_leggings":4,"werewolves:wolf_berries":94,"vampirism:obi_belt":5,"irons_spellbooks:arcane_essence":85,"mysticalagriculture:inferium_essence":101,"minecraft:gold_nugget":148,"minecraft:smooth_stone":5,"bosses_of_mass_destruction:soul_star":1,"minecraft:bucket":1,"minecraft:spruce_planks":24,"minecraft:rose_bush":3,"minecraft:iron_pickaxe":4,"werewolves:pelt":39,"irons_spellbooks:inscription_table":1,"iceandfire:dragonscales_red":17,"minecraft:iron_boots":1,"minecraft:furnace":7,"iceandfire:pixie_dust":10,"minecraft:stick":25,"apotheosis:gem":6,"minecraft:torch":92,"travelersbackpack:iron_tier_upgrade":1,"werewolves:liver":125,"minecraft:spruce_stairs":8,"minecraft:porkchop":9,"duneons:monkeytotem":1,"vampirism:holy_water_bottle_enhanced":1,"werewolves:dark_pelt":2,"vampirism:vampire_fang":4,"vampirism:amulet":1,"relics:wool_mitten":3,"minecraft:rotten_flesh":72,"iceandfire:fire_dragon_heart":2,"minecraft:iron_bars":8,"minecraft:snowball":1,"minecraft:cobblestone":199,"werewolves:white_pelt":2,"minecraft:leather_chestplate":1,"minecraft:feather":3,"minecraft:cooked_beef":2,"minecraft:water_bucket":3,"biomesoplenty:dead_log":2,"biomesoplenty:fir_sapling":11,"biomesoplenty:fir_log":49,"minecraft:flint":3,"minecraft:wither_skeleton_skull":2,"minecraft:dirt":102,"minecraft:lantern":1,"minecraft:name_tag":1,"irons_spellbooks:iron_spell_book":3,"minecraft:bone":31,"minecraft:bow":4,"duneons:giter":1,"minecraft:stonecutter":1,"minecraft:wheat_seeds":42,"minecraft:cobbled_deepslate_slab":3,"vampirism:item_garlic":1,"minecraft:fletching_table":3,"minecraft:powered_rail":3,"minecraft:oak_planks":4,"divinerpg:realmite_pickaxe":3,"divinerpg:realmite_ingot":4,"minecraft:cooked_porkchop":1,"iceandfire:podium_spruce":2,"irons_spellbooks:legendary_ink":5,"vampirism:ring":2,"iceandfire:pixie_house_birch":2,"iceandfire:dragon_skull_fire":2,"minecraft:jungle_planks":3,"minecraft:lily_of_the_valley":3,"minecraft:dark_oak_log":7,"minecraft:mossy_cobblestone":1,"divinerpg:bloodgem":1,"minecraft:diamond":3,"iceandfire:lectern":1,"waystones:waystone":3,"minecraft:granite":3,"minecraft:golden_apple":1,"minecraft:chainmail_helmet":2,"minecraft:emerald":27,"minecraft:bread":15,"werewolves:cracked_bone":43,"alexsmobs:maggot":2,"minecraft:oak_sapling":5,"irons_spellbooks:uncommon_ink":1,"minecraft:diamond_pickaxe":5,"minecraft:crafting_table":5,"minecraft:chicken":10,"minecraft:turtle_helmet":2,"minecraft:brown_mushroom":1,"minecraft:stone_brick_wall":3,"minecraft:shield":4,"minecraft:cornflower":1,"minecraft:oak_trapdoor":1,"minecraft:iron_axe":6,"minecraft:wooden_sword":1,"minecraft:flint_and_steel":3,"iceandfire:bestiary":1,"minecraft:beef":4,"minecraft:oak_boat":2,"werewolves:bone_necklace":4,"minecraft:sugar_cane":12,"minecraft:egg":2,"minecraft:raw_iron":40,"iceandfire:dragonscales_gray":17,"iceandfire:dragonbone":16,"minecraft:polished_deepslate_slab":2,"iceandfire:chared_grass":3,"divinerpg:terran_shards":29,"minecraft:spruce_fence":3,"duneons:greenswoed":3,"minecraft:stone_button":13,"minecraft:trident":3,"minecraft:carrot":1,"minecraft:redstone":9,"minecraft:stone_pressure_plate":4,"minecraft:arrow":189,"minecraft:diamond_chestplate":2,"biomesoplenty:umbran_sapling":6,"iceandfire:chared_dirt":9,"minecraft:diamond_boots":2,"minecraft:gold_ingot":62,"botania:green_mystical_flower":1,"minecraft:mutton":3,"minecraft:white_wool":3,"minecraft:leather":18,"artifacts:onion_ring":4,"werewolves:dream_catcher":3,"minecraft:oak_log":23,"werewolves:werewolf_tooth":11,"duneons:dirtbricker":1,"minecraft:gunpowder":3,"minecraft:paper":14,"minecraft:white_banner":4,"irons_spellbooks:rare_ink":5,"minecraft:cooked_mutton":1,"irons_spellbooks:common_ink":22,"vampirism:human_heart":29,"iceandfire:pixie_jar_empty":1,"minecraft:apple":1,"minecraft:stone_bricks":59,"minecraft:iron_ingot":190,"minecraft:glass_bottle":2,"vampirism:holy_water_bottle_ultimate":1,"minecraft:iron_sword":17,"iceandfire:fire_dragon_flesh":3,"biomesoplenty:umbran_log":5,"werewolves:stone_altar":1,"iceandfire:chared_stone":14,"minecraft:pumpkin":5,"minecraft:sweet_berries":2,"iceandfire:ash":13,"divinerpg:cyclops_eye_shards":21,"minecraft:dandelion":6,"minecraft:gravel":52,"divinerpg:divine_log":7,"minecraft:spruce_sapling":17,"minecraft:blast_furnace":5,"minecraft:spruce_log":126,"minecraft:white_bed":3,"divinerpg:ender_shards":3,"minecraft:spider_eye":5,"duneons:teapot":1,"minecraft:pumpkin_seeds":5,"iceandfire:pixie_house_spruce":1,"minecraft:chainmail_leggings":13,"naturescompass:naturescompass":3,"minecraft:melon_seeds":5,"iceandfire:chared_gravel":11,"minecraft:coal":157,"minecraft:wooden_axe":1,"minecraft:ender_pearl":2},"minecraft:broken":{"minecraft:diamond_boots":1,"minecraft:iron_sword":2,"minecraft:diamond_chestplate":1,"minecraft:chainmail_leggings":1,"minecraft:turtle_helmet":1},"minecraft:mined":{"minecraft:stone_pressure_plate":1,"minecraft:white_bed":2,"graveyard:gray_urn":1,"minecraft:stone_brick_wall":2,"minecraft:grass_block":36,"iceandfire:lectern":1,"minecraft:oak_pressure_plate":2,"minecraft:soul_soil":1,"duneons:coinsstage_1":1,"duneons:flowerscactusred":1,"minecraft:smooth_stone":5,"minecraft:iron_ore":40,"minecraft:fire":19,"minecraft:fletching_table":3,"minecraft:polished_deepslate_slab":9,"minecraft:iron_bars":4,"minecraft:quartz_slab":1,"iceandfire:pixie_house_spruce":1,"duneons:urn_loot_big_red":1,"graveyard:wither_skull_pile":1,"botania:green_mystical_flower":1,"minecraft:blast_furnace":1,"minecraft:cobblestone":34,"minecraft:oak_planks":4,"minecraft:wall_torch":1,"minecraft:wheat":3,"biomesoplenty:fir_log":51,"minecraft:smooth_stone_slab":5,"minecraft:stone_brick_stairs":2,"minecraft:wither_rose":10,"minecraft:grass":248,"biomesoplenty:clover":1,"minecraft:oak_log":23,"minecraft:dirt":33,"biomesoplenty:umbran_leaves":4,"minecraft:wither_skeleton_skull":1,"minecraft:stonecutter":1,"minecraft:oak_leaves":11,"iceandfire:chared_stone":14,"duneons:bluevangardvase":1,"werewolves:wolf_berry_bush":34,"minecraft:mossy_cobblestone":6,"minecraft:dark_oak_log":31,"iceandfire:pixie_house_birch":2,"minecraft:cobbled_deepslate_slab":12,"gravestone:gravestone":8,"minecraft:spruce_fence":2,"minecraft:decorated_pot":1,"minecraft:redstone_wire":11,"divinerpg:divine_leaves":31,"iceandfire:chared_dirt":10,"minecraft:spruce_leaves":29,"iceandfire:chared_grass":3,"minecraft:large_fern":9,"minecraft:hay_block":4,"minecraft:oak_trapdoor":1,"minecraft:furnace":9,"minecraft:snow":2,"minecraft:andesite":2,"iceandfire:chared_gravel":12,"minecraft:vine":1,"duneons:loot_biggrey":1,"duneons:mossendirt":1,"minecraft:lantern":1,"irons_spellbooks:inscription_table":1,"minecraft:stone":149,"iceandfire:podium_spruce":2,"iceandfire:pixie_jar_empty":1,"minecraft:podzol":7,"minecraft:smithing_table":1,"minecraft:glass_pane":4,"divinerpg:divine_log":6,"werewolves:stone_altar":1,"duneons:coins":2,"minecraft:crafting_table":5,"botania:yellow_double_flower":1,"minecraft:rose_bush":4,"minecraft:tall_grass":15,"duneons:naturalcandle":1,"biomesoplenty:sprout":12,"minecraft:sculk":7,"minecraft:air":8,"biomesoplenty:dead_branch":1,"minecraft:spruce_stairs":1,"duneons:dirtbricker":1,"graveyard:vase_block":1,"minecraft:jungle_fence":1,"minecraft:sweet_berry_bush":1,"minecraft:spruce_log":93,"iceandfire:pixie_house_mushroom_red":1,"iceandfire:ash":4,"minecraft:coal_ore":25,"minecraft:gravel":55,"graveyard:leaning_skeleton":1,"minecraft:cobweb":28,"duneons:teapot":1,"minecraft:polished_andesite":4,"minecraft:stone_bricks":57,"duneons:coinsstage_2":1,"duneons:lavabrickblock":1,"minecraft:fern":25},"minecraft:killed":{"vampirism:vampire":6,"minecraft:witch":2,"vampirism:advanced_vampire":2,"divinerpg:cave_crawler":5,"irons_spellbooks:priest":5,"minecraft:spider":9,"mysticsbiomes:rainbow_chicken":2,"minecraft:skeleton":9,"werewolves:werewolf_beast":52,"vampirism:task_master_hunter":2,"minecraft:chicken":6,"irons_spellbooks:summoned_skeleton":5,"duneons:vangruardskeleton":1,"divinerpg:crab":1,"minecraft:pig":4,"minecraft:zombie_villager":1,"minecraft:iron_golem":1,"irons_spellbooks:necromancer":4,"minecraft:creeper":6,"vampirism:hunter":87,"minecraft:sheep":3,"minecraft:zombie":56,"iceandfire:pixie":24,"werewolves:werewolf_survivalist":59,"minecraft:cow":3,"dungeonsmod:rogue":1,"divinerpg:aequorea":1,"irons_spellbooks:summoned_zombie":15,"divinerpg:cyclops":24,"graveyard:revenant":1,"alexsmobs:raccoon":2,"duneons:babykeyblue":1,"minecraft:horse":4,"werewolves:alpha_werewolf":4,"iceandfire:fire_dragon":2,"divinerpg:rotatick":1,"divinerpg:kobblin":17,"divinerpg:ender_spider":1,"duneons:frozenzombie":1,"divinerpg:pumpkin_spider":7,"divinerpg:miner":8,"iceandfire:ghost":5,"minecraft:enderman":1},"minecraft:dropped":{"iceandfire:chared_stone":1,"minecraft:iron_sword":9,"minecraft:brown_mushroom":1,"minecraft:porkchop":1,"minecraft:cooked_beef":1,"minecraft:oak_log":2,"minecraft:glass_bottle":2,"minecraft:leather":1,"minecraft:jungle_planks":1,"biomesoplenty:fir_sapling":7,"minecraft:dirt":31,"minecraft:dark_oak_log":7,"minecraft:stone_button":9,"minecraft:cornflower":1,"werewolves:pelt":6,"irons_spellbooks:arcane_essence":8,"minecraft:wooden_sword":1,"minecraft:gold_nugget":3,"iceandfire:ash":5,"minecraft:bone":1,"minecraft:gravel":1,"minecraft:sugar_cane":6,"minecraft:wheat":1,"vampirism:holy_water_bottle_enhanced":1,"minecraft:rotten_flesh":27,"minecraft:oak_planks":5,"iceandfire:pixie_house_spruce":1,"divinerpg:terran_shards":1,"minecraft:carrot":1,"werewolves:dream_catcher":1,"minecraft:leather_chestplate":1,"biomesoplenty:umbran_log":2,"werewolves:bone_necklace":3,"minecraft:turtle_helmet":1,"minecraft:gunpowder":1,"mysticalagriculture:inferium_essence":13,"minecraft:melon_seeds":4,"minecraft:stone_brick_wall":2,"apotheosis:gem":1,"minecraft:iron_bars":2,"minecraft:powered_rail":3,"iceandfire:chared_grass":2,"biomesoplenty:dead_log":1,"vampirism:item_garlic":1,"divinerpg:cyclops_eye_shards":4,"minecraft:wheat_seeds":27,"duneons:monkeytotem":1,"minecraft:mossy_cobblestone":1,"minecraft:feather":3,"minecraft:cobblestone":21,"minecraft:granite":1,"minecraft:spruce_stairs":7,"werewolves:white_pelt":1,"minecraft:stick":8,"duneons:giter":1,"minecraft:torch":1,"werewolves:wolf_berries":43,"minecraft:iron_leggings":1,"minecraft:oak_stairs":1,"minecraft:wither_rose":1,"irons_spellbooks:common_ink":2,"minecraft:white_banner":2,"minecraft:iron_axe":1,"minecraft:smooth_stone":1,"minecraft:chainmail_leggings":3,"minecraft:string":9,"iceandfire:pixie_house_birch":2,"minecraft:spruce_sapling":17,"minecraft:dandelion":6,"divinerpg:divine_log":1,"minecraft:smooth_stone_slab":2,"vampirism:obi_belt":4,"minecraft:chicken":2,"minecraft:polished_deepslate_slab":1,"minecraft:iron_boots":1,"minecraft:cobbled_deepslate_slab":3,"minecraft:spruce_fence":3,"minecraft:pumpkin_seeds":1,"minecraft:blast_furnace":1,"biomesoplenty:fir_planks":2,"minecraft:spruce_planks":59,"minecraft:iron_chestplate":1,"biomesoplenty:umbran_sapling":5,"minecraft:diamond_pickaxe":1,"minecraft:oak_boat":1,"minecraft:stone_pressure_plate":4,"minecraft:spider_eye":3,"minecraft:stone_bricks":7,"minecraft:stone_pickaxe":1,"divinerpg:bloodgem":1}},"DataVersion":3465}