{"stats":{"minecraft:broken":{"minecraft:iron_sword":1},"minecraft:killed":{"vampirism:vampire":1,"divinerpg:aequorea":1,"irons_spellbooks:summoned_zombie":4,"divinerpg:cyclops":3,"vampirism:advanced_vampire":2,"irons_spellbooks:priest":1,"graveyard:revenant":1,"minecraft:spider":1,"minecraft:skeleton":1,"werewolves:werewolf_beast":1,"divinerpg:kobblin":4,"irons_spellbooks:summoned_skeleton":2,"duneons:vangruardskeleton":1,"irons_spellbooks:necromancer":1,"vampirism:hunter":19,"minecraft:sheep":3,"minecraft:zombie":2,"iceandfire:ghost":1,"werewolves:werewolf_survivalist":3},"minecraft:killed_by":{"divinerpg:pumpkin_spider":1},"minecraft:used":{"irons_spellbooks:inscription_table":1,"minecraft:stone_sword":49,"minecraft:shield":1,"minecraft:iron_sword":292,"minecraft:rotten_flesh":1,"minecraft:torch":1,"minecraft:dirt":18,"minecraft:granite":2,"quark:spruce_chest":4,"minecraft:iron_axe":14,"minecraft:furnace":2,"minecraft:cooked_mutton":4,"minecraft:stone_pickaxe":128,"minecraft:wooden_pickaxe":3,"vampirism:human_heart":1,"minecraft:golden_apple":2,"minecraft:crafting_table":4,"minecraft:spruce_log":2,"minecraft:oak_log":6,"waystones:waystone":1,"minecraft:bread":2,"minecraft:iron_pickaxe":3,"werewolves:liver":6,"minecraft:stone_axe":102,"minecraft:wooden_sword":36,"minecraft:cooked_porkchop":1,"alexsmobs:animal_dictionary":1},"minecraft:dropped":{"minecraft:brown_mushroom":1,"divinerpg:cyclops_eye_shards":1,"minecraft:wheat_seeds":1,"minecraft:mossy_cobblestone":1,"minecraft:granite":1,"duneons:giter":1,"minecraft:dirt":22,"minecraft:wooden_sword":1,"minecraft:iron_axe":1,"minecraft:smooth_stone":1,"minecraft:chainmail_leggings":1,"minecraft:spruce_sapling":14,"minecraft:smooth_stone_slab":2,"minecraft:polished_deepslate_slab":1,"minecraft:rotten_flesh":1,"minecraft:cobbled_deepslate_slab":3,"minecraft:leather_chestplate":1,"minecraft:turtle_helmet":1,"minecraft:spruce_planks":59,"mysticalagriculture:inferium_essence":1,"minecraft:melon_seeds":1,"apotheosis:gem":1,"minecraft:stone_pickaxe":1,"divinerpg:bloodgem":1},"minecraft:custom":{"minecraft:mob_kills":56,"minecraft:animals_bred":4,"minecraft:interact_with_crafting_table":13,"minecraft:damage_dealt_resisted":888,"minecraft:leave_game":3,"minecraft:time_since_death":410,"minecraft:climb_one_cm":10474,"minecraft:damage_resisted":53,"minecraft:sprint_one_cm":555769,"minecraft:walk_one_cm":527059,"minecraft:damage_blocked_by_shield":42,"vampirism:interact_with_totem":3,"minecraft:drop":45,"vampirism:skills_unlocked":6,"minecraft:talked_to_villager":1,"minecraft:play_time":291508,"minecraft:deaths":13,"minecraft:sneak_time":1119,"minecraft:walk_under_water_one_cm":10811,"minecraft:jump":4603,"minecraft:interact_with_brewingstand":1,"minecraft:walk_on_water_one_cm":15805,"minecraft:total_world_time":291508,"vampirism:blood_drunk":5600,"minecraft:interact_with_furnace":9,"minecraft:sleep_in_bed":6,"minecraft:time_since_rest":447,"minecraft:waystone_activated":4,"minecraft:damage_taken":4258,"minecraft:damage_absorbed":72,"minecraft:damage_dealt":15097,"minecraft:swim_one_cm":46810,"minecraft:fly_one_cm":448666,"minecraft:open_chest":42,"minecraft:crouch_one_cm":2280,"minecraft:fall_one_cm":83833},"minecraft:mined":{"minecraft:mossy_cobblestone":1,"graveyard:gray_urn":1,"minecraft:cobbled_deepslate_slab":10,"minecraft:grass_block":8,"minecraft:decorated_pot":1,"minecraft:oak_pressure_plate":2,"minecraft:soul_soil":1,"minecraft:spruce_leaves":7,"duneons:coinsstage_1":1,"duneons:flowerscactusred":1,"minecraft:large_fern":2,"minecraft:hay_block":4,"minecraft:smooth_stone":1,"minecraft:furnace":1,"minecraft:iron_ore":15,"minecraft:polished_deepslate_slab":7,"duneons:loot_biggrey":1,"minecraft:iron_bars":2,"minecraft:quartz_slab":1,"irons_spellbooks:inscription_table":1,"duneons:urn_loot_big_red":1,"minecraft:stone":46,"graveyard:wither_skull_pile":1,"minecraft:podzol":7,"duneons:coins":2,"minecraft:crafting_table":4,"minecraft:tall_grass":2,"minecraft:cobblestone":4,"duneons:naturalcandle":1,"minecraft:oak_planks":2,"minecraft:wall_torch":1,"minecraft:air":7,"graveyard:vase_block":1,"minecraft:wheat":3,"minecraft:spruce_log":92,"minecraft:wither_rose":2,"minecraft:stone_brick_stairs":2,"minecraft:smooth_stone_slab":4,"minecraft:grass":17,"minecraft:oak_log":6,"minecraft:coal_ore":24,"graveyard:leaning_skeleton":1,"minecraft:dirt":10,"minecraft:cobweb":28,"minecraft:wither_skeleton_skull":1,"duneons:coinsstage_2":1,"minecraft:fern":21},"minecraft:picked_up":{"irons_spellbooks:scroll":1,"minecraft:crafting_table":4,"minecraft:iron_chestplate":1,"minecraft:turtle_helmet":1,"minecraft:brown_mushroom":1,"irons_spellbooks:holy_rune":2,"minecraft:potion":1,"minecraft:string":1,"duneons:coin":30,"minecraft:iron_axe":1,"minecraft:wooden_sword":1,"minecraft:smooth_stone_slab":2,"irons_spellbooks:arcane_essence":3,"mysticalagriculture:inferium_essence":16,"minecraft:smooth_stone":1,"irons_spellbooks:inscription_table":1,"minecraft:polished_deepslate_slab":2,"minecraft:furnace":1,"minecraft:stick":3,"minecraft:raw_iron":15,"apotheosis:gem":1,"divinerpg:terran_shards":6,"minecraft:torch":1,"werewolves:liver":19,"minecraft:stone_button":1,"minecraft:rotten_flesh":2,"minecraft:mutton":3,"minecraft:iron_bars":4,"minecraft:white_wool":3,"minecraft:cobblestone":50,"minecraft:leather_chestplate":1,"minecraft:oak_log":8,"minecraft:wither_skeleton_skull":1,"minecraft:dirt":45,"minecraft:paper":7,"minecraft:white_banner":1,"irons_spellbooks:rare_ink":1,"minecraft:cooked_mutton":1,"irons_spellbooks:common_ink":5,"minecraft:bone":12,"vampirism:human_heart":6,"duneons:giter":1,"minecraft:wheat_seeds":3,"minecraft:cobbled_deepslate_slab":3,"minecraft:iron_ingot":10,"minecraft:cooked_porkchop":1,"divinerpg:cyclops_eye_shards":3,"minecraft:spruce_sapling":14,"divinerpg:ender_shards":1,"minecraft:spruce_log":100,"minecraft:lily_of_the_valley":3,"minecraft:mossy_cobblestone":1,"divinerpg:bloodgem":1,"minecraft:diamond":3,"waystones:waystone":1,"minecraft:chainmail_leggings":1,"minecraft:granite":3,"minecraft:emerald":2,"werewolves:cracked_bone":1,"minecraft:melon_seeds":1,"minecraft:coal":33},"minecraft:crafted":{"minecraft:wooden_sword":1,"minecraft:furnace":1,"minecraft:cooked_mutton":3,"minecraft:stone_pickaxe":1,"quark:spruce_chest":4,"minecraft:crafting_table":1,"minecraft:spruce_planks":136,"minecraft:wooden_pickaxe":1,"minecraft:iron_sword":1,"minecraft:bone":2,"minecraft:stone_axe":1,"minecraft:air":0,"minecraft:shield":1,"minecraft:stick":16,"minecraft:iron_pickaxe":1,"minecraft:stone_sword":1,"minecraft:torch":16}},"DataVersion":3465}