{"stats":{"minecraft:picked_up":{"minecraft:spruce_log":2,"minecraft:brown_mushroom":1},"minecraft:dropped":{"minecraft:brown_mushroom":1},"minecraft:mined":{"minecraft:podzol":1,"minecraft:spruce_log":2,"minecraft:spruce_leaves":2},"minecraft:custom":{"minecraft:jump":25,"minecraft:time_since_rest":1367,"minecraft:crouch_one_cm":277,"minecraft:deaths":1,"minecraft:sprint_one_cm":8324,"minecraft:play_time":3911,"minecraft:damage_taken":318,"minecraft:time_since_death":1341,"minecraft:walk_one_cm":6810,"minecraft:sneak_time":80,"minecraft:total_world_time":3911,"minecraft:drop":1,"minecraft:fall_one_cm":1781,"minecraft:fly_one_cm":4261}},"DataVersion":3465}