{"stats":{"minecraft:killed_by":{"divinerpg:pumpkin_spider":1},"minecraft:killed":{"vampirism:vampire":1,"irons_spellbooks:summoned_zombie":3,"minecraft:spider":1,"irons_spellbooks:necromancer":1,"werewolves:werewolf_beast":1,"minecraft:zombie":1,"divinerpg:kobblin":2,"werewolves:werewolf_survivalist":1,"duneons:vangruardskeleton":1},"minecraft:picked_up":{"minecraft:iron_chestplate":1,"minecraft:crafting_table":1,"minecraft:leather_chestplate":1,"minecraft:turtle_helmet":1,"minecraft:brown_mushroom":1,"minecraft:oak_log":6,"minecraft:wither_skeleton_skull":1,"minecraft:dirt":14,"minecraft:string":1,"minecraft:bone":10,"minecraft:wheat_seeds":1,"mysticalagriculture:inferium_essence":3,"minecraft:cobbled_deepslate_slab":3,"minecraft:stick":3,"minecraft:polished_deepslate_slab":2,"divinerpg:terran_shards":4,"werewolves:liver":2,"minecraft:spruce_sapling":14,"minecraft:spruce_log":100,"minecraft:lily_of_the_valley":3,"minecraft:mossy_cobblestone":1,"minecraft:rotten_flesh":2,"minecraft:diamond":3,"minecraft:chainmail_leggings":1,"minecraft:granite":3,"werewolves:cracked_bone":1,"minecraft:melon_seeds":1,"minecraft:iron_bars":4,"minecraft:coal":22,"minecraft:cobblestone":42},"minecraft:used":{"minecraft:stone_sword":49,"minecraft:stone_pickaxe":80,"minecraft:wooden_pickaxe":3,"minecraft:iron_sword":3,"minecraft:rotten_flesh":1,"minecraft:dirt":13,"minecraft:crafting_table":1,"minecraft:granite":2,"minecraft:spruce_log":2,"minecraft:stone_axe":102,"minecraft:wooden_sword":36,"alexsmobs:animal_dictionary":1},"minecraft:dropped":{"minecraft:brown_mushroom":1,"minecraft:wheat_seeds":1,"minecraft:polished_deepslate_slab":1,"minecraft:rotten_flesh":1,"minecraft:granite":1,"minecraft:cobbled_deepslate_slab":3,"minecraft:leather_chestplate":1,"minecraft:turtle_helmet":1,"minecraft:spruce_planks":59,"minecraft:melon_seeds":1,"minecraft:chainmail_leggings":1},"minecraft:mined":{"minecraft:podzol":6,"minecraft:mossy_cobblestone":1,"graveyard:gray_urn":1,"minecraft:crafting_table":1,"minecraft:cobbled_deepslate_slab":10,"minecraft:grass_block":2,"minecraft:soul_soil":1,"minecraft:spruce_leaves":7,"minecraft:air":7,"minecraft:large_fern":2,"graveyard:vase_block":1,"minecraft:spruce_log":92,"minecraft:wither_rose":2,"minecraft:grass":5,"minecraft:coal_ore":13,"minecraft:oak_log":6,"minecraft:polished_deepslate_slab":7,"minecraft:quartz_slab":1,"minecraft:iron_bars":2,"graveyard:leaning_skeleton":1,"minecraft:dirt":2,"minecraft:cobweb":1,"minecraft:wither_skeleton_skull":1,"minecraft:stone":42,"graveyard:wither_skull_pile":1,"minecraft:fern":14},"minecraft:custom":{"minecraft:mob_kills":13,"minecraft:interact_with_crafting_table":6,"minecraft:damage_dealt_resisted":0,"minecraft:time_since_death":30055,"minecraft:climb_one_cm":2122,"minecraft:time_since_rest":30083,"minecraft:sprint_one_cm":155356,"minecraft:damage_taken":1897,"minecraft:walk_one_cm":129947,"minecraft:drop":13,"minecraft:damage_dealt":2860,"minecraft:swim_one_cm":23973,"minecraft:fly_one_cm":125430,"minecraft:open_chest":4,"minecraft:crouch_one_cm":1328,"minecraft:play_time":75911,"minecraft:deaths":7,"minecraft:sneak_time":853,"minecraft:walk_under_water_one_cm":6843,"minecraft:interact_with_brewingstand":1,"minecraft:jump":2503,"minecraft:walk_on_water_one_cm":9938,"minecraft:total_world_time":75911,"minecraft:fall_one_cm":25580},"minecraft:crafted":{"minecraft:wooden_sword":1,"minecraft:crafting_table":1,"minecraft:spruce_planks":136,"minecraft:wooden_pickaxe":1,"minecraft:stone_axe":1,"minecraft:stick":8,"minecraft:stone_pickaxe":1,"minecraft:stone_sword":1}},"DataVersion":3465}