{"stats":{"minecraft:killed_by":{"divinerpg:pumpkin_spider":1},"minecraft:killed":{"vampirism:vampire":1,"werewolves:werewolf_beast":1,"minecraft:zombie":1,"irons_spellbooks:summoned_zombie":3,"divinerpg:kobblin":2,"irons_spellbooks:necromancer":1,"werewolves:werewolf_survivalist":1,"duneons:vangruardskeleton":1},"minecraft:picked_up":{"minecraft:stick":3,"minecraft:crafting_table":1,"minecraft:brown_mushroom":1,"divinerpg:terran_shards":4,"werewolves:liver":2,"minecraft:oak_log":6,"minecraft:spruce_sapling":14,"minecraft:spruce_log":100,"minecraft:lily_of_the_valley":3,"minecraft:string":1,"minecraft:mossy_cobblestone":1,"minecraft:dirt":14,"minecraft:rotten_flesh":2,"mysticalagriculture:inferium_essence":3,"minecraft:granite":3,"werewolves:cracked_bone":1,"minecraft:iron_bars":2,"minecraft:melon_seeds":1,"minecraft:coal":13,"minecraft:cobblestone":42},"minecraft:used":{"minecraft:stone_sword":47,"minecraft:stone_pickaxe":55,"minecraft:wooden_pickaxe":3,"minecraft:rotten_flesh":1,"minecraft:stone_axe":102,"minecraft:wooden_sword":36,"minecraft:dirt":13,"minecraft:crafting_table":1,"alexsmobs:animal_dictionary":1,"minecraft:granite":2,"minecraft:spruce_log":2},"minecraft:dropped":{"minecraft:brown_mushroom":1,"minecraft:melon_seeds":1,"minecraft:rotten_flesh":1,"minecraft:granite":1},"minecraft:mined":{"minecraft:large_fern":1,"minecraft:podzol":6,"minecraft:mossy_cobblestone":1,"minecraft:spruce_log":92,"minecraft:crafting_table":1,"minecraft:grass":4,"minecraft:grass_block":2,"minecraft:oak_log":6,"minecraft:coal_ore":13,"minecraft:iron_bars":2,"graveyard:leaning_skeleton":1,"minecraft:dirt":2,"minecraft:cobweb":1,"minecraft:spruce_leaves":7,"minecraft:stone":42,"graveyard:wither_skull_pile":1,"minecraft:fern":13,"minecraft:air":7},"minecraft:crafted":{"minecraft:wooden_sword":1,"minecraft:crafting_table":1,"minecraft:spruce_planks":136,"minecraft:stick":8,"minecraft:wooden_pickaxe":1,"minecraft:stone_pickaxe":1,"minecraft:stone_sword":1,"minecraft:stone_axe":1},"minecraft:custom":{"minecraft:time_since_rest":6083,"minecraft:sprint_one_cm":139737,"minecraft:damage_taken":1877,"minecraft:walk_one_cm":116020,"minecraft:mob_kills":12,"minecraft:drop":4,"minecraft:damage_dealt":2700,"minecraft:swim_one_cm":23973,"minecraft:interact_with_crafting_table":6,"minecraft:fly_one_cm":118525,"minecraft:open_chest":4,"minecraft:crouch_one_cm":449,"minecraft:play_time":51911,"minecraft:deaths":7,"minecraft:sneak_time":434,"minecraft:walk_under_water_one_cm":6843,"minecraft:jump":2462,"minecraft:damage_dealt_resisted":0,"minecraft:interact_with_brewingstand":1,"minecraft:time_since_death":6055,"minecraft:walk_on_water_one_cm":9938,"minecraft:climb_one_cm":2122,"minecraft:total_world_time":51911,"minecraft:fall_one_cm":25162}},"DataVersion":3465}