{"stats":{"minecraft:crafted":{"minecraft:oak_planks":36,"werewolves:stone_altar_fire_bowl":4,"minecraft:stone":64,"minecraft:cooked_mutton":3,"minecraft:arrow":160,"minecraft:crafting_table":2,"minecraft:spruce_planks":148,"minecraft:wooden_pickaxe":1,"werewolves:stone_altar":1,"minecraft:fletching_table":1,"biomesoplenty:fir_planks":184,"minecraft:shield":1,"naturescompass:naturescompass":1,"minecraft:stick":24,"minecraft:compass":1,"minecraft:iron_ingot":7,"minecraft:iron_pickaxe":1,"minecraft:iron_block":3,"minecraft:stone_sword":1,"minecraft:wooden_sword":1,"minecraft:furnace":3,"minecraft:flint_and_steel":1,"minecraft:stone_pickaxe":1,"quark:spruce_chest":5,"minecraft:iron_sword":2,"minecraft:bucket":1,"minecraft:bone":2,"minecraft:stone_axe":1,"minecraft:air":0,"minecraft:oak_boat":1,"minecraft:anvil":1,"minecraft:white_bed":1,"minecraft:torch":16},"minecraft:custom":{"minecraft:animals_bred":4,"minecraft:interact_with_crafting_table":33,"minecraft:bell_ring":117,"minecraft:leave_game":14,"minecraft:time_since_death":14029,"minecraft:damage_resisted":362,"minecraft:sprint_one_cm":1631458,"minecraft:damage_blocked_by_shield":917,"vampirism:interact_with_totem":11,"minecraft:drop":152,"minecraft:talked_to_villager":11,"minecraft:play_time":567826,"minecraft:deaths":22,"minecraft:jump":9387,"minecraft:interact_with_brewingstand":1,"minecraft:walk_on_water_one_cm":40385,"minecraft:interact_with_furnace":30,"werewolves:action_time_human_form":7333,"minecraft:traded_with_villager":10,"minecraft:sleep_in_bed":18,"vampirism:actions_used":5,"minecraft:waystone_activated":5,"minecraft:damage_dealt":65322,"minecraft:crouch_one_cm":5219,"minecraft:interact_with_smithing_table":2,"minecraft:interact_with_anvil":4,"minecraft:mob_kills":265,"minecraft:damage_dealt_resisted":4605,"werewolves:action_used_human_form":4,"minecraft:climb_one_cm":15776,"minecraft:walk_one_cm":1171813,"vampirism:skills_unlocked":26,"minecraft:sneak_time":4480,"minecraft:walk_under_water_one_cm":28034,"minecraft:boat_one_cm":28305,"minecraft:total_world_time":567826,"vampirism:blood_drunk":35400,"vampirism:win_village_capture":1,"minecraft:interact_with_stonecutter":3,"minecraft:time_since_rest":13669,"minecraft:damage_taken":12211,"minecraft:damage_absorbed":72,"werewolves:action_used_howling":1,"minecraft:swim_one_cm":95539,"minecraft:fly_one_cm":1257901,"minecraft:open_chest":146,"vampirism:defend_village":1,"minecraft:fall_one_cm":186591},"minecraft:used":{"iceandfire:lectern":1,"minecraft:shield":25,"minecraft:iron_sword":1222,"minecraft:rotten_flesh":8,"minecraft:iron_chestplate":2,"werewolves:stone_altar":1,"minecraft:lantern":1,"minecraft:stone_bricks":2,"minecraft:bow":123,"minecraft:furnace":10,"minecraft:diamond_boots":1,"minecraft:stone_pickaxe":128,"vampirism:human_heart":6,"minecraft:wooden_pickaxe":3,"biomesoplenty:fir_planks":121,"minecraft:chainmail_helmet":1,"minecraft:golden_apple":2,"iceandfire:podium_spruce":2,"waystones:waystone":2,"minecraft:bread":2,"werewolves:stone_altar_fire_bowl":4,"minecraft:gravel":51,"minecraft:wooden_sword":36,"minecraft:smithing_table":1,"minecraft:oak_boat":2,"minecraft:oak_trapdoor":1,"minecraft:trident":1,"divinerpg:realmite_pickaxe":19,"minecraft:stone_sword":49,"minecraft:flint_and_steel":9,"minecraft:torch":35,"minecraft:dirt":19,"minecraft:anvil":1,"duneons:teapot":1,"minecraft:granite":2,"quark:spruce_chest":5,"minecraft:iron_axe":158,"werewolves:wolf_berries":19,"minecraft:diamond_chestplate":1,"minecraft:cooked_mutton":4,"minecraft:water_bucket":28,"iceandfire:fire_dragon_flesh":1,"minecraft:fletching_table":4,"minecraft:stonecutter":1,"minecraft:crafting_table":6,"minecraft:white_bed":4,"minecraft:spruce_log":3,"minecraft:oak_log":6,"minecraft:chicken":1,"minecraft:iron_pickaxe":202,"werewolves:liver":39,"minecraft:stone_axe":102,"minecraft:cooked_porkchop":1,"minecraft:bucket":29,"alexsmobs:animal_dictionary":1,"irons_spellbooks:inscription_table":1,"minecraft:chainmail_leggings":1},"minecraft:killed_by":{"divinerpg:pumpkin_spider":3},"minecraft:picked_up":{"minecraft:wooden_axe":1,"irons_spellbooks:scroll":5,"minecraft:iron_chestplate":4,"minecraft:wheat":1,"minecraft:smithing_table":1,"minecraft:lead":2,"minecraft:oak_stairs":3,"irons_spellbooks:holy_rune":4,"minecraft:wither_rose":2,"minecraft:potion":3,"minecraft:string":7,"duneons:coin":30,"minecraft:smooth_stone_slab":3,"werewolves:wolf_berries":38,"vampirism:obi_belt":3,"irons_spellbooks:arcane_essence":18,"mysticalagriculture:inferium_essence":69,"minecraft:smooth_stone":5,"minecraft:spruce_planks":22,"minecraft:rose_bush":2,"minecraft:iron_pickaxe":1,"werewolves:pelt":7,"irons_spellbooks:inscription_table":1,"iceandfire:dragonscales_red":17,"minecraft:iron_boots":1,"minecraft:furnace":7,"iceandfire:pixie_dust":8,"minecraft:stick":13,"apotheosis:gem":2,"minecraft:torch":27,"werewolves:liver":85,"travelersbackpack:iron_tier_upgrade":1,"vampirism:holy_water_bottle_enhanced":1,"werewolves:dark_pelt":1,"vampirism:vampire_fang":3,"vampirism:amulet":1,"minecraft:rotten_flesh":44,"iceandfire:fire_dragon_heart":1,"minecraft:iron_bars":8,"minecraft:cobblestone":154,"werewolves:white_pelt":1,"minecraft:leather_chestplate":1,"minecraft:feather":2,"biomesoplenty:fir_sapling":11,"biomesoplenty:fir_log":46,"minecraft:flint":3,"minecraft:wither_skeleton_skull":2,"minecraft:dirt":49,"minecraft:lantern":1,"minecraft:name_tag":1,"minecraft:bone":26,"minecraft:stonecutter":1,"duneons:giter":1,"minecraft:bow":1,"minecraft:wheat_seeds":26,"minecraft:cobbled_deepslate_slab":3,"vampirism:item_garlic":1,"minecraft:fletching_table":3,"minecraft:powered_rail":3,"minecraft:oak_planks":2,"divinerpg:realmite_ingot":3,"minecraft:cooked_porkchop":1,"irons_spellbooks:legendary_ink":1,"iceandfire:podium_spruce":2,"vampirism:ring":2,"iceandfire:pixie_house_birch":2,"iceandfire:dragon_skull_fire":1,"minecraft:mossy_cobblestone":1,"minecraft:lily_of_the_valley":3,"minecraft:dark_oak_log":7,"divinerpg:bloodgem":1,"minecraft:diamond":3,"iceandfire:lectern":1,"waystones:waystone":3,"minecraft:granite":3,"minecraft:emerald":27,"minecraft:chainmail_helmet":1,"minecraft:bread":11,"werewolves:cracked_bone":19,"minecraft:oak_sapling":5,"minecraft:diamond_pickaxe":1,"minecraft:crafting_table":5,"minecraft:chicken":4,"minecraft:turtle_helmet":2,"minecraft:brown_mushroom":1,"minecraft:stone_brick_wall":3,"minecraft:shield":1,"minecraft:cornflower":1,"minecraft:wooden_sword":1,"minecraft:oak_trapdoor":1,"minecraft:iron_axe":2,"iceandfire:bestiary":1,"minecraft:oak_boat":2,"werewolves:bone_necklace":1,"minecraft:egg":1,"minecraft:raw_iron":22,"iceandfire:dragonbone":10,"minecraft:polished_deepslate_slab":2,"divinerpg:terran_shards":13,"minecraft:stone_button":13,"minecraft:trident":1,"minecraft:carrot":1,"minecraft:redstone":9,"minecraft:stone_pressure_plate":4,"minecraft:arrow":3,"minecraft:diamond_chestplate":1,"minecraft:diamond_boots":1,"minecraft:gold_ingot":3,"botania:green_mystical_flower":1,"minecraft:mutton":3,"minecraft:white_wool":3,"minecraft:leather":3,"artifacts:onion_ring":1,"werewolves:dream_catcher":1,"minecraft:oak_log":22,"werewolves:werewolf_tooth":1,"minecraft:gunpowder":3,"minecraft:paper":14,"minecraft:white_banner":4,"irons_spellbooks:rare_ink":5,"minecraft:cooked_mutton":1,"irons_spellbooks:common_ink":6,"vampirism:human_heart":25,"minecraft:apple":1,"minecraft:stone_bricks":52,"minecraft:iron_ingot":10,"minecraft:glass_bottle":2,"vampirism:holy_water_bottle_ultimate":1,"minecraft:iron_sword":9,"iceandfire:fire_dragon_flesh":1,"minecraft:pumpkin":4,"iceandfire:ash":1,"divinerpg:cyclops_eye_shards":17,"minecraft:dandelion":6,"minecraft:gravel":52,"minecraft:spruce_sapling":17,"minecraft:spruce_log":126,"minecraft:blast_furnace":2,"minecraft:white_bed":3,"divinerpg:ender_shards":3,"minecraft:spider_eye":3,"minecraft:pumpkin_seeds":4,"duneons:teapot":1,"iceandfire:pixie_house_spruce":1,"minecraft:chainmail_leggings":6,"minecraft:melon_seeds":1,"minecraft:coal":115,"minecraft:ender_pearl":2},"minecraft:broken":{"minecraft:iron_sword":2,"minecraft:chainmail_leggings":1,"minecraft:turtle_helmet":1},"minecraft:mined":{"minecraft:stone_pressure_plate":1,"minecraft:white_bed":2,"graveyard:gray_urn":1,"minecraft:grass_block":14,"minecraft:stone_brick_wall":2,"iceandfire:lectern":1,"minecraft:oak_pressure_plate":2,"minecraft:soul_soil":1,"duneons:coinsstage_1":1,"duneons:flowerscactusred":1,"minecraft:smooth_stone":5,"minecraft:iron_ore":22,"minecraft:fire":10,"minecraft:fletching_table":3,"minecraft:polished_deepslate_slab":7,"minecraft:quartz_slab":1,"minecraft:iron_bars":4,"iceandfire:pixie_house_spruce":1,"duneons:urn_loot_big_red":1,"graveyard:wither_skull_pile":1,"botania:green_mystical_flower":1,"minecraft:blast_furnace":1,"minecraft:cobblestone":34,"minecraft:oak_planks":2,"minecraft:wall_torch":1,"minecraft:wheat":3,"biomesoplenty:fir_log":47,"minecraft:wither_rose":3,"minecraft:stone_brick_stairs":2,"minecraft:smooth_stone_slab":5,"minecraft:grass":90,"biomesoplenty:clover":1,"minecraft:oak_log":16,"minecraft:dirt":13,"minecraft:wither_skeleton_skull":1,"minecraft:stonecutter":1,"minecraft:oak_leaves":1,"iceandfire:chared_stone":2,"minecraft:mossy_cobblestone":6,"werewolves:wolf_berry_bush":18,"iceandfire:pixie_house_birch":2,"minecraft:dark_oak_log":31,"gravestone:gravestone":2,"minecraft:cobbled_deepslate_slab":10,"minecraft:decorated_pot":1,"minecraft:redstone_wire":10,"minecraft:spruce_leaves":18,"minecraft:large_fern":2,"minecraft:hay_block":4,"minecraft:oak_trapdoor":1,"minecraft:furnace":9,"minecraft:andesite":2,"minecraft:vine":1,"duneons:loot_biggrey":1,"minecraft:lantern":1,"irons_spellbooks:inscription_table":1,"minecraft:stone":111,"iceandfire:podium_spruce":2,"minecraft:podzol":7,"minecraft:smithing_table":1,"minecraft:glass_pane":4,"duneons:coins":2,"minecraft:crafting_table":5,"minecraft:rose_bush":3,"minecraft:tall_grass":10,"duneons:naturalcandle":1,"biomesoplenty:sprout":3,"minecraft:sculk":7,"biomesoplenty:dead_branch":1,"minecraft:air":8,"graveyard:vase_block":1,"minecraft:spruce_log":93,"iceandfire:pixie_house_mushroom_red":1,"minecraft:coal_ore":25,"minecraft:gravel":55,"graveyard:leaning_skeleton":1,"minecraft:cobweb":28,"duneons:teapot":1,"minecraft:stone_bricks":51,"duneons:coinsstage_2":1,"minecraft:fern":24},"minecraft:killed":{"vampirism:vampire":2,"minecraft:witch":1,"vampirism:advanced_vampire":2,"divinerpg:cave_crawler":2,"irons_spellbooks:priest":3,"minecraft:spider":4,"minecraft:skeleton":5,"werewolves:werewolf_beast":23,"vampirism:task_master_hunter":2,"minecraft:chicken":4,"irons_spellbooks:summoned_skeleton":2,"duneons:vangruardskeleton":1,"divinerpg:crab":1,"minecraft:iron_golem":1,"irons_spellbooks:necromancer":1,"minecraft:creeper":3,"vampirism:hunter":73,"minecraft:sheep":3,"minecraft:zombie":31,"iceandfire:pixie":21,"werewolves:werewolf_survivalist":25,"divinerpg:aequorea":1,"irons_spellbooks:summoned_zombie":4,"divinerpg:cyclops":15,"graveyard:revenant":1,"alexsmobs:raccoon":2,"werewolves:alpha_werewolf":1,"iceandfire:fire_dragon":1,"divinerpg:rotatick":1,"divinerpg:kobblin":9,"divinerpg:ender_spider":1,"duneons:frozenzombie":1,"divinerpg:pumpkin_spider":5,"divinerpg:miner":4,"iceandfire:ghost":1},"minecraft:dropped":{"minecraft:iron_sword":8,"minecraft:brown_mushroom":1,"minecraft:oak_log":1,"minecraft:glass_bottle":2,"biomesoplenty:fir_sapling":7,"minecraft:dirt":23,"minecraft:dark_oak_log":7,"minecraft:stone_button":9,"minecraft:cornflower":1,"irons_spellbooks:arcane_essence":7,"minecraft:wooden_sword":1,"iceandfire:ash":1,"minecraft:gravel":1,"minecraft:wheat":1,"vampirism:holy_water_bottle_enhanced":1,"minecraft:rotten_flesh":14,"iceandfire:pixie_house_spruce":1,"divinerpg:terran_shards":1,"minecraft:carrot":1,"minecraft:leather_chestplate":1,"werewolves:bone_necklace":1,"minecraft:turtle_helmet":1,"minecraft:gunpowder":1,"mysticalagriculture:inferium_essence":2,"minecraft:melon_seeds":1,"minecraft:stone_brick_wall":2,"apotheosis:gem":1,"minecraft:iron_bars":2,"minecraft:powered_rail":3,"vampirism:item_garlic":1,"divinerpg:cyclops_eye_shards":2,"minecraft:wheat_seeds":13,"minecraft:mossy_cobblestone":1,"minecraft:feather":2,"minecraft:cobblestone":6,"minecraft:granite":1,"duneons:giter":1,"minecraft:oak_stairs":1,"minecraft:wither_rose":1,"irons_spellbooks:common_ink":1,"minecraft:white_banner":2,"minecraft:iron_axe":1,"minecraft:smooth_stone":1,"minecraft:chainmail_leggings":3,"minecraft:string":6,"iceandfire:pixie_house_birch":2,"minecraft:spruce_sapling":17,"minecraft:dandelion":6,"minecraft:smooth_stone_slab":2,"vampirism:obi_belt":3,"minecraft:polished_deepslate_slab":1,"minecraft:iron_boots":1,"minecraft:cobbled_deepslate_slab":3,"minecraft:blast_furnace":1,"minecraft:spruce_planks":59,"minecraft:iron_chestplate":1,"minecraft:oak_boat":1,"minecraft:stone_pressure_plate":4,"minecraft:spider_eye":1,"minecraft:stone_pickaxe":1,"divinerpg:bloodgem":1}},"DataVersion":3465}