{"stats":{"minecraft:crafted":{"minecraft:oak_planks":40,"irons_spellbooks:iron_spell_book":1,"minecraft:chain":3,"werewolves:stone_altar_fire_bowl":4,"minecraft:cooked_chicken":5,"minecraft:stone":64,"patchouli:guide_book":1,"minecraft:cooked_mutton":3,"minecraft:wooden_shovel":1,"minecraft:arrow":256,"minecraft:crafting_table":2,"minecraft:spruce_planks":148,"minecraft:wooden_pickaxe":1,"werewolves:stone_altar":1,"minecraft:fletching_table":1,"biomesoplenty:fir_planks":196,"minecraft:book":1,"minecraft:shield":1,"naturescompass:naturescompass":1,"minecraft:stick":28,"minecraft:iron_ingot":20,"minecraft:compass":1,"minecraft:iron_pickaxe":1,"minecraft:iron_block":3,"minecraft:stone_sword":1,"minecraft:wooden_sword":1,"minecraft:iron_nugget":9,"minecraft:furnace":3,"irons_spellbooks:graybeard_staff":1,"minecraft:flint_and_steel":1,"minecraft:stone_pickaxe":1,"quark:spruce_chest":5,"minecraft:iron_sword":2,"minecraft:bucket":1,"minecraft:bone":2,"minecraft:stone_axe":1,"minecraft:air":0,"minecraft:oak_boat":1,"minecraft:anvil":1,"minecraft:white_bed":1,"minecraft:torch":16},"minecraft:custom":{"minecraft:animals_bred":4,"minecraft:interact_with_crafting_table":38,"minecraft:open_barrel":7,"minecraft:bell_ring":117,"minecraft:leave_game":22,"minecraft:time_since_death":15809,"minecraft:damage_resisted":388,"minecraft:sprint_one_cm":2364973,"minecraft:damage_blocked_by_shield":917,"minecraft:drop":235,"vampirism:interact_with_totem":12,"minecraft:talked_to_villager":12,"minecraft:play_time":767339,"minecraft:deaths":31,"minecraft:jump":12798,"minecraft:interact_with_brewingstand":1,"minecraft:walk_on_water_one_cm":68901,"minecraft:interact_with_furnace":38,"werewolves:action_time_human_form":180724,"minecraft:traded_with_villager":16,"minecraft:sleep_in_bed":18,"vampirism:actions_used":18,"minecraft:waystone_activated":6,"minecraft:damage_dealt":102224,"minecraft:crouch_one_cm":6368,"minecraft:interact_with_smithing_table":2,"minecraft:interact_with_anvil":8,"minecraft:mob_kills":438,"minecraft:damage_dealt_resisted":7634,"werewolves:action_used_human_form":17,"minecraft:climb_one_cm":16790,"minecraft:walk_one_cm":1762546,"vampirism:skills_unlocked":74,"vampirism:capture_village":1,"minecraft:sneak_time":5404,"minecraft:walk_under_water_one_cm":60693,"minecraft:boat_one_cm":28305,"minecraft:total_world_time":767339,"vampirism:win_village_capture":2,"vampirism:blood_drunk":50600,"minecraft:interact_with_stonecutter":3,"minecraft:time_since_rest":15832,"minecraft:damage_taken":16902,"minecraft:damage_absorbed":72,"minecraft:trigger_trapped_chest":1,"werewolves:action_used_howling":1,"minecraft:swim_one_cm":135852,"minecraft:fly_one_cm":1806550,"minecraft:open_chest":209,"vampirism:defend_village":1,"minecraft:fall_one_cm":264743},"minecraft:used":{"iceandfire:lectern":1,"minecraft:shield":26,"minecraft:iron_sword":1800,"minecraft:rotten_flesh":30,"minecraft:iron_chestplate":2,"werewolves:stone_altar":2,"minecraft:lantern":1,"minecraft:stone_bricks":2,"minecraft:bow":182,"minecraft:sweet_berries":2,"minecraft:furnace":10,"minecraft:egg":1,"minecraft:diamond_boots":1,"minecraft:stone_pickaxe":128,"vampirism:human_heart":10,"minecraft:wooden_pickaxe":3,"biomesoplenty:fir_planks":131,"minecraft:chainmail_helmet":1,"minecraft:golden_apple":2,"iceandfire:podium_spruce":2,"waystones:waystone":2,"minecraft:bread":3,"werewolves:stone_altar_fire_bowl":4,"minecraft:gravel":51,"minecraft:wooden_sword":36,"minecraft:smithing_table":1,"minecraft:oak_boat":2,"minecraft:oak_trapdoor":1,"minecraft:trident":1,"divinerpg:realmite_pickaxe":19,"minecraft:stone_sword":49,"minecraft:flint_and_steel":15,"duneons:greenswoed":78,"minecraft:cooked_chicken":5,"minecraft:torch":35,"minecraft:dirt":26,"minecraft:anvil":1,"duneons:teapot":1,"minecraft:granite":2,"quark:spruce_chest":5,"minecraft:iron_axe":190,"werewolves:wolf_berries":62,"minecraft:diamond_chestplate":1,"minecraft:beef":4,"minecraft:cooked_mutton":4,"minecraft:water_bucket":35,"iceandfire:fire_dragon_flesh":1,"minecraft:fletching_table":4,"minecraft:stonecutter":1,"minecraft:crafting_table":6,"minecraft:white_bed":4,"bosses_of_mass_destruction:soul_star":1,"minecraft:spruce_log":3,"minecraft:oak_log":6,"minecraft:diamond_pickaxe":36,"minecraft:chicken":1,"minecraft:iron_pickaxe":209,"werewolves:liver":51,"minecraft:stone_axe":102,"minecraft:porkchop":8,"minecraft:cooked_porkchop":1,"minecraft:bucket":36,"alexsmobs:animal_dictionary":1,"irons_spellbooks:inscription_table":1,"minecraft:chainmail_leggings":1},"minecraft:killed_by":{"irons_spellbooks:summoned_zombie":1,"werewolves:werewolf_beast":1,"divinerpg:pumpkin_spider":3},"minecraft:picked_up":{"minecraft:wooden_axe":1,"irons_spellbooks:scroll":7,"minecraft:iron_chestplate":5,"minecraft:wheat":1,"minecraft:chainmail_boots":2,"minecraft:smithing_table":1,"minecraft:lead":2,"minecraft:oak_stairs":3,"minecraft:potion":3,"irons_spellbooks:holy_rune":11,"minecraft:wither_rose":2,"minecraft:enchanted_book":1,"divinerpg:divine_sapling":2,"minecraft:string":7,"duneons:coin":30,"irons_spellbooks:graybeard_staff":1,"minecraft:smooth_stone_slab":3,"minecraft:iron_leggings":1,"werewolves:wolf_berries":94,"vampirism:obi_belt":5,"irons_spellbooks:arcane_essence":51,"mysticalagriculture:inferium_essence":95,"minecraft:smooth_stone":5,"bosses_of_mass_destruction:soul_star":1,"minecraft:bucket":1,"minecraft:spruce_planks":22,"minecraft:rose_bush":2,"minecraft:iron_pickaxe":2,"werewolves:pelt":33,"irons_spellbooks:inscription_table":1,"iceandfire:dragonscales_red":17,"minecraft:iron_boots":1,"minecraft:furnace":7,"iceandfire:pixie_dust":10,"minecraft:stick":18,"apotheosis:gem":4,"minecraft:torch":49,"werewolves:liver":124,"travelersbackpack:iron_tier_upgrade":1,"minecraft:porkchop":9,"duneons:monkeytotem":1,"vampirism:holy_water_bottle_enhanced":1,"werewolves:dark_pelt":2,"vampirism:vampire_fang":3,"vampirism:amulet":1,"relics:wool_mitten":1,"minecraft:rotten_flesh":69,"iceandfire:fire_dragon_heart":1,"minecraft:iron_bars":8,"minecraft:cobblestone":154,"werewolves:white_pelt":1,"minecraft:leather_chestplate":1,"minecraft:feather":3,"minecraft:water_bucket":1,"biomesoplenty:fir_sapling":11,"biomesoplenty:fir_log":49,"minecraft:flint":3,"minecraft:wither_skeleton_skull":2,"minecraft:dirt":60,"minecraft:lantern":1,"minecraft:name_tag":1,"irons_spellbooks:iron_spell_book":1,"minecraft:bone":31,"minecraft:stonecutter":1,"duneons:giter":1,"minecraft:bow":2,"minecraft:wheat_seeds":35,"minecraft:cobbled_deepslate_slab":3,"vampirism:item_garlic":1,"minecraft:fletching_table":3,"minecraft:powered_rail":3,"minecraft:oak_planks":2,"divinerpg:realmite_pickaxe":1,"divinerpg:realmite_ingot":3,"minecraft:cooked_porkchop":1,"iceandfire:podium_spruce":2,"irons_spellbooks:legendary_ink":3,"vampirism:ring":2,"iceandfire:pixie_house_birch":2,"iceandfire:dragon_skull_fire":1,"minecraft:lily_of_the_valley":3,"minecraft:mossy_cobblestone":1,"minecraft:dark_oak_log":7,"divinerpg:bloodgem":1,"minecraft:diamond":3,"iceandfire:lectern":1,"waystones:waystone":3,"minecraft:granite":3,"minecraft:emerald":27,"minecraft:chainmail_helmet":2,"minecraft:bread":11,"werewolves:cracked_bone":43,"alexsmobs:maggot":2,"minecraft:oak_sapling":5,"irons_spellbooks:uncommon_ink":1,"minecraft:diamond_pickaxe":3,"minecraft:crafting_table":5,"minecraft:chicken":10,"minecraft:turtle_helmet":2,"minecraft:brown_mushroom":1,"minecraft:stone_brick_wall":3,"minecraft:shield":2,"minecraft:cornflower":1,"minecraft:oak_trapdoor":1,"minecraft:iron_axe":4,"minecraft:wooden_sword":1,"minecraft:flint_and_steel":1,"iceandfire:bestiary":1,"minecraft:beef":4,"minecraft:oak_boat":2,"werewolves:bone_necklace":3,"minecraft:sugar_cane":12,"minecraft:egg":2,"minecraft:raw_iron":40,"iceandfire:dragonbone":10,"minecraft:polished_deepslate_slab":2,"divinerpg:terran_shards":29,"duneons:greenswoed":1,"minecraft:stone_button":13,"minecraft:trident":2,"minecraft:carrot":1,"minecraft:redstone":9,"minecraft:stone_pressure_plate":4,"minecraft:arrow":13,"minecraft:diamond_chestplate":2,"minecraft:diamond_boots":2,"minecraft:gold_ingot":24,"botania:green_mystical_flower":1,"minecraft:mutton":3,"minecraft:white_wool":3,"minecraft:leather":13,"artifacts:onion_ring":2,"werewolves:dream_catcher":3,"minecraft:oak_log":23,"werewolves:werewolf_tooth":8,"duneons:dirtbricker":1,"minecraft:gunpowder":3,"minecraft:paper":14,"minecraft:white_banner":4,"irons_spellbooks:rare_ink":5,"minecraft:cooked_mutton":1,"irons_spellbooks:common_ink":12,"vampirism:human_heart":29,"minecraft:apple":1,"minecraft:stone_bricks":59,"minecraft:iron_ingot":70,"minecraft:glass_bottle":2,"vampirism:holy_water_bottle_ultimate":1,"minecraft:iron_sword":12,"iceandfire:fire_dragon_flesh":1,"werewolves:stone_altar":1,"minecraft:pumpkin":5,"minecraft:sweet_berries":2,"iceandfire:ash":1,"divinerpg:cyclops_eye_shards":21,"minecraft:dandelion":6,"minecraft:gravel":52,"divinerpg:divine_log":7,"minecraft:spruce_sapling":17,"minecraft:spruce_log":126,"minecraft:blast_furnace":3,"minecraft:white_bed":3,"divinerpg:ender_shards":3,"minecraft:spider_eye":3,"duneons:teapot":1,"minecraft:pumpkin_seeds":4,"iceandfire:pixie_house_spruce":1,"minecraft:chainmail_leggings":8,"naturescompass:naturescompass":1,"minecraft:melon_seeds":4,"minecraft:coal":136,"minecraft:ender_pearl":2},"minecraft:broken":{"minecraft:diamond_boots":1,"minecraft:iron_sword":2,"minecraft:diamond_chestplate":1,"minecraft:chainmail_leggings":1,"minecraft:turtle_helmet":1},"minecraft:mined":{"minecraft:stone_pressure_plate":1,"minecraft:white_bed":2,"graveyard:gray_urn":1,"minecraft:stone_brick_wall":2,"minecraft:grass_block":25,"iceandfire:lectern":1,"minecraft:oak_pressure_plate":2,"minecraft:soul_soil":1,"duneons:coinsstage_1":1,"duneons:flowerscactusred":1,"minecraft:smooth_stone":5,"minecraft:iron_ore":40,"minecraft:fire":11,"minecraft:fletching_table":3,"minecraft:polished_deepslate_slab":9,"minecraft:iron_bars":4,"minecraft:quartz_slab":1,"iceandfire:pixie_house_spruce":1,"duneons:urn_loot_big_red":1,"graveyard:wither_skull_pile":1,"botania:green_mystical_flower":1,"minecraft:blast_furnace":1,"minecraft:cobblestone":34,"minecraft:oak_planks":2,"minecraft:wall_torch":1,"minecraft:wheat":3,"minecraft:stone_brick_stairs":2,"biomesoplenty:fir_log":51,"minecraft:wither_rose":3,"minecraft:smooth_stone_slab":5,"minecraft:grass":176,"biomesoplenty:clover":1,"minecraft:oak_log":17,"minecraft:dirt":15,"minecraft:wither_skeleton_skull":1,"minecraft:stonecutter":1,"minecraft:oak_leaves":9,"iceandfire:chared_stone":2,"minecraft:mossy_cobblestone":6,"werewolves:wolf_berry_bush":34,"minecraft:dark_oak_log":31,"iceandfire:pixie_house_birch":2,"minecraft:cobbled_deepslate_slab":12,"gravestone:gravestone":2,"minecraft:decorated_pot":1,"minecraft:redstone_wire":11,"divinerpg:divine_leaves":31,"minecraft:spruce_leaves":22,"minecraft:large_fern":9,"minecraft:hay_block":4,"minecraft:oak_trapdoor":1,"minecraft:furnace":9,"minecraft:andesite":2,"minecraft:vine":1,"duneons:loot_biggrey":1,"duneons:mossendirt":1,"minecraft:lantern":1,"irons_spellbooks:inscription_table":1,"minecraft:stone":121,"iceandfire:podium_spruce":2,"minecraft:podzol":7,"minecraft:smithing_table":1,"minecraft:glass_pane":4,"divinerpg:divine_log":6,"werewolves:stone_altar":1,"duneons:coins":2,"minecraft:crafting_table":5,"minecraft:rose_bush":3,"minecraft:tall_grass":10,"duneons:naturalcandle":1,"biomesoplenty:sprout":10,"minecraft:sculk":7,"biomesoplenty:dead_branch":1,"minecraft:air":8,"duneons:dirtbricker":1,"graveyard:vase_block":1,"minecraft:sweet_berry_bush":1,"minecraft:spruce_log":93,"iceandfire:pixie_house_mushroom_red":1,"minecraft:jungle_fence":1,"minecraft:coal_ore":25,"minecraft:gravel":55,"graveyard:leaning_skeleton":1,"minecraft:cobweb":28,"duneons:teapot":1,"minecraft:polished_andesite":4,"minecraft:stone_bricks":56,"duneons:coinsstage_2":1,"duneons:lavabrickblock":1,"minecraft:fern":25},"minecraft:killed":{"vampirism:vampire":5,"minecraft:witch":2,"vampirism:advanced_vampire":2,"divinerpg:cave_crawler":4,"irons_spellbooks:priest":5,"minecraft:spider":7,"mysticsbiomes:rainbow_chicken":2,"minecraft:skeleton":9,"werewolves:werewolf_beast":49,"vampirism:task_master_hunter":2,"minecraft:chicken":6,"irons_spellbooks:summoned_skeleton":5,"duneons:vangruardskeleton":1,"divinerpg:crab":1,"minecraft:pig":4,"minecraft:zombie_villager":1,"minecraft:iron_golem":1,"irons_spellbooks:necromancer":4,"minecraft:creeper":6,"vampirism:hunter":87,"minecraft:sheep":3,"minecraft:zombie":49,"iceandfire:pixie":24,"werewolves:werewolf_survivalist":56,"minecraft:cow":3,"dungeonsmod:rogue":1,"divinerpg:aequorea":1,"irons_spellbooks:summoned_zombie":15,"divinerpg:cyclops":24,"graveyard:revenant":1,"alexsmobs:raccoon":2,"duneons:babykeyblue":1,"minecraft:horse":4,"werewolves:alpha_werewolf":3,"iceandfire:fire_dragon":1,"divinerpg:rotatick":1,"divinerpg:kobblin":17,"divinerpg:ender_spider":1,"duneons:frozenzombie":1,"divinerpg:pumpkin_spider":7,"divinerpg:miner":6,"iceandfire:ghost":3,"minecraft:enderman":1},"minecraft:dropped":{"minecraft:iron_sword":8,"minecraft:brown_mushroom":1,"minecraft:porkchop":1,"minecraft:oak_log":2,"minecraft:glass_bottle":2,"biomesoplenty:fir_sapling":7,"minecraft:dirt":27,"minecraft:dark_oak_log":7,"minecraft:stone_button":9,"minecraft:cornflower":1,"werewolves:pelt":6,"irons_spellbooks:arcane_essence":8,"minecraft:wooden_sword":1,"iceandfire:ash":1,"minecraft:bone":1,"minecraft:gravel":1,"minecraft:sugar_cane":6,"minecraft:wheat":1,"vampirism:holy_water_bottle_enhanced":1,"minecraft:rotten_flesh":23,"minecraft:oak_planks":3,"iceandfire:pixie_house_spruce":1,"divinerpg:terran_shards":1,"minecraft:carrot":1,"werewolves:dream_catcher":1,"minecraft:leather_chestplate":1,"werewolves:bone_necklace":3,"minecraft:turtle_helmet":1,"minecraft:gunpowder":1,"mysticalagriculture:inferium_essence":7,"minecraft:melon_seeds":3,"minecraft:stone_brick_wall":2,"apotheosis:gem":1,"minecraft:iron_bars":2,"minecraft:powered_rail":3,"vampirism:item_garlic":1,"divinerpg:cyclops_eye_shards":4,"minecraft:wheat_seeds":20,"duneons:monkeytotem":1,"minecraft:mossy_cobblestone":1,"minecraft:feather":3,"minecraft:cobblestone":6,"minecraft:granite":1,"minecraft:stick":7,"duneons:giter":1,"werewolves:wolf_berries":43,"minecraft:oak_stairs":1,"minecraft:wither_rose":1,"irons_spellbooks:common_ink":2,"minecraft:iron_axe":1,"minecraft:white_banner":2,"minecraft:smooth_stone":1,"minecraft:chainmail_leggings":3,"minecraft:string":6,"iceandfire:pixie_house_birch":2,"minecraft:spruce_sapling":17,"minecraft:dandelion":6,"divinerpg:divine_log":1,"minecraft:smooth_stone_slab":2,"vampirism:obi_belt":4,"minecraft:chicken":2,"minecraft:polished_deepslate_slab":1,"minecraft:iron_boots":1,"minecraft:cobbled_deepslate_slab":3,"minecraft:blast_furnace":1,"biomesoplenty:fir_planks":2,"minecraft:spruce_planks":59,"minecraft:iron_chestplate":1,"minecraft:diamond_pickaxe":1,"minecraft:oak_boat":1,"minecraft:stone_pressure_plate":4,"minecraft:spider_eye":1,"minecraft:stone_bricks":7,"minecraft:stone_pickaxe":1,"divinerpg:bloodgem":1}},"DataVersion":3465}