{"stats":{"minecraft:killed":{"irons_spellbooks:summoned_zombie":1,"irons_spellbooks:necromancer":1},"minecraft:picked_up":{"minecraft:brown_mushroom":1,"minecraft:spruce_log":4},"minecraft:used":{"minecraft:wooden_sword":18,"minecraft:crafting_table":1,"minecraft:spruce_log":2},"minecraft:dropped":{"minecraft:brown_mushroom":1},"minecraft:mined":{"minecraft:podzol":2,"minecraft:grass":1,"minecraft:spruce_leaves":4,"minecraft:spruce_log":4,"minecraft:fern":1},"minecraft:crafted":{"minecraft:wooden_sword":1,"minecraft:crafting_table":1,"minecraft:spruce_planks":8,"minecraft:stick":4},"minecraft:custom":{"minecraft:time_since_rest":7571,"minecraft:crouch_one_cm":277,"minecraft:play_time":15911,"minecraft:sprint_one_cm":19401,"minecraft:walk_one_cm":15592,"minecraft:damage_taken":602,"minecraft:deaths":2,"minecraft:sneak_time":86,"minecraft:mob_kills":2,"minecraft:drop":1,"minecraft:damage_dealt_resisted":0,"minecraft:jump":671,"minecraft:damage_dealt":622,"minecraft:time_since_death":7543,"minecraft:total_world_time":15911,"minecraft:interact_with_crafting_table":1,"minecraft:fly_one_cm":9651,"minecraft:fall_one_cm":4826}},"DataVersion":3465}