{"stats":{"minecraft:killed_by":{"divinerpg:pumpkin_spider":1},"minecraft:killed":{"vampirism:vampire":1,"irons_spellbooks:summoned_zombie":3,"divinerpg:cyclops":1,"vampirism:advanced_vampire":2,"graveyard:revenant":1,"minecraft:spider":1,"irons_spellbooks:necromancer":1,"minecraft:skeleton":1,"werewolves:werewolf_beast":1,"minecraft:zombie":2,"divinerpg:kobblin":2,"werewolves:werewolf_survivalist":2,"duneons:vangruardskeleton":1},"minecraft:picked_up":{"minecraft:iron_chestplate":1,"minecraft:crafting_table":1,"minecraft:leather_chestplate":1,"minecraft:turtle_helmet":1,"minecraft:brown_mushroom":1,"minecraft:oak_log":6,"minecraft:wither_skeleton_skull":1,"minecraft:dirt":27,"minecraft:string":1,"minecraft:bone":12,"minecraft:wheat_seeds":3,"mysticalagriculture:inferium_essence":4,"minecraft:cobbled_deepslate_slab":3,"minecraft:iron_ingot":10,"minecraft:stick":3,"minecraft:polished_deepslate_slab":2,"divinerpg:cyclops_eye_shards":1,"divinerpg:terran_shards":4,"werewolves:liver":3,"minecraft:spruce_sapling":14,"minecraft:spruce_log":100,"minecraft:lily_of_the_valley":3,"minecraft:mossy_cobblestone":1,"divinerpg:bloodgem":1,"minecraft:rotten_flesh":2,"minecraft:diamond":3,"minecraft:chainmail_leggings":1,"minecraft:granite":3,"werewolves:cracked_bone":1,"minecraft:melon_seeds":1,"minecraft:iron_bars":4,"minecraft:coal":29,"minecraft:cobblestone":45},"minecraft:used":{"minecraft:stone_sword":49,"minecraft:stone_pickaxe":91,"minecraft:wooden_pickaxe":3,"minecraft:iron_sword":66,"minecraft:rotten_flesh":1,"minecraft:golden_apple":2,"minecraft:dirt":18,"minecraft:crafting_table":1,"minecraft:granite":2,"minecraft:spruce_log":2,"minecraft:oak_log":6,"minecraft:stone_axe":102,"minecraft:wooden_sword":36,"alexsmobs:animal_dictionary":1},"minecraft:dropped":{"minecraft:brown_mushroom":1,"minecraft:wheat_seeds":1,"minecraft:mossy_cobblestone":1,"minecraft:polished_deepslate_slab":1,"minecraft:rotten_flesh":1,"minecraft:granite":1,"minecraft:cobbled_deepslate_slab":3,"minecraft:dirt":4,"minecraft:leather_chestplate":1,"minecraft:turtle_helmet":1,"minecraft:spruce_planks":59,"minecraft:melon_seeds":1,"minecraft:chainmail_leggings":1},"minecraft:mined":{"minecraft:podzol":7,"minecraft:mossy_cobblestone":1,"graveyard:gray_urn":1,"minecraft:crafting_table":1,"minecraft:cobbled_deepslate_slab":10,"minecraft:grass_block":4,"minecraft:soul_soil":1,"minecraft:spruce_leaves":7,"minecraft:air":7,"minecraft:large_fern":2,"graveyard:vase_block":1,"minecraft:spruce_log":92,"minecraft:wither_rose":2,"minecraft:grass":6,"minecraft:coal_ore":20,"minecraft:oak_log":6,"minecraft:polished_deepslate_slab":7,"minecraft:quartz_slab":1,"minecraft:iron_bars":2,"graveyard:leaning_skeleton":1,"minecraft:dirt":7,"minecraft:cobweb":1,"minecraft:wither_skeleton_skull":1,"minecraft:stone":45,"graveyard:wither_skull_pile":1,"minecraft:fern":19},"minecraft:custom":{"minecraft:mob_kills":20,"minecraft:interact_with_crafting_table":6,"minecraft:damage_dealt_resisted":244,"minecraft:time_since_death":32335,"minecraft:climb_one_cm":2122,"minecraft:damage_resisted":21,"minecraft:time_since_rest":32374,"minecraft:waystone_activated":1,"minecraft:sprint_one_cm":202244,"minecraft:damage_absorbed":72,"minecraft:damage_taken":2202,"minecraft:walk_one_cm":180388,"minecraft:drop":17,"minecraft:damage_dealt":5665,"minecraft:swim_one_cm":36429,"minecraft:fly_one_cm":189200,"minecraft:open_chest":4,"minecraft:crouch_one_cm":1457,"minecraft:play_time":111911,"minecraft:deaths":8,"minecraft:sneak_time":897,"minecraft:walk_under_water_one_cm":8314,"minecraft:interact_with_brewingstand":1,"minecraft:jump":2871,"minecraft:walk_on_water_one_cm":10429,"minecraft:total_world_time":111911,"minecraft:fall_one_cm":35048},"minecraft:crafted":{"minecraft:wooden_sword":1,"minecraft:crafting_table":1,"minecraft:spruce_planks":136,"minecraft:wooden_pickaxe":1,"minecraft:stone_axe":1,"minecraft:stick":8,"minecraft:stone_pickaxe":1,"minecraft:stone_sword":1}},"DataVersion":3465}