{"stats":{"minecraft:broken":{"minecraft:wooden_axe":1},"minecraft:picked_up":{"minecraft:stick":9,"minecraft:rotten_flesh":2,"minecraft:spruce_sapling":9,"minecraft:spruce_log":105},"minecraft:used":{"minecraft:crafting_table":1,"alexsmobs:animal_dictionary":1},"minecraft:mined":{"minecraft:spruce_log":3},"minecraft:crafted":{"minecraft:crafting_table":1,"minecraft:spruce_planks":12,"minecraft:stick":4,"minecraft:wooden_axe":1},"minecraft:custom":{"minecraft:time_since_rest":15851,"minecraft:play_time":15851,"minecraft:sprint_one_cm":8086,"minecraft:damage_taken":200,"minecraft:walk_one_cm":19274,"minecraft:mob_kills":1,"minecraft:jump":39,"minecraft:damage_dealt":8,"minecraft:leave_game":1,"minecraft:time_since_death":15851,"minecraft:total_world_time":15851,"minecraft:interact_with_crafting_table":3,"minecraft:fall_one_cm":209,"minecraft:fly_one_cm":2847}},"DataVersion":3465}