{
  "iceandfire:iceandfire/root": {
    "criteria": {
      "tick": "2024-06-24 19:17:17 +0000"
    },
    "done": true
  },
  "paraglider:root": {
    "criteria": {
      "crafting_table": "2024-06-24 19:29:18 +0000"
    },
    "done": true
  },
  "dungeons_arise:wda_root": {
    "criteria": {
      "WDA": "2024-06-24 19:17:17 +0000"
    },
    "done": true
  },
  "alexsmobs:alexsmobs/root": {
    "criteria": {
      "useitem": "2024-06-24 19:23:51 +0000"
    },
    "done": true
  },
  "ironfurnaces:coal": {
    "criteria": {
      "rainbowcoal": "2024-06-24 19:17:17 +0000"
    },
    "done": true
  },
  "divinerpg:overworld/patchouli": {
    "criteria": {
      "tick": "2024-06-24 19:17:17 +0000"
    },
    "done": true
  },
  "minecraft:adventure/root": {
    "criteria": {
      "killed_something": "2024-06-24 19:27:37 +0000"
    },
    "done": true
  },
  "travelersbackpack:standard_from_custom": {
    "criteria": {
      "has_the_recipe": "2024-06-24 19:17:17 +0000"
    },
    "done": true
  },
  "mowziesmobs:root": {
    "criteria": {
      "custom_test_name": "2024-06-24 19:17:17 +0000"
    },
    "done": true
  },
  "betterdungeons:root": {
    "criteria": {
      "always": "2024-06-24 19:17:17 +0000"
    },
    "done": true
  },
  "minecraft:adventure/adventuring_time": {
    "criteria": {
      "minecraft:old_growth_spruce_taiga": "2024-06-24 19:17:18 +0000"
    },
    "done": false
  },
  "apotheosis:give_book": {
    "criteria": {
      "tick": "2024-06-24 19:17:17 +0000"
    },
    "done": true
  },
  "minecraft:husbandry/root": {
    "criteria": {
      "consumed_item": "2024-06-24 19:23:51 +0000"
    },
    "done": true
  },
  "betterdeserttemples:root": {
    "criteria": {
      "always": "2024-06-24 19:17:17 +0000"
    },
    "done": true
  },
  "irons_spellbooks:grant_patchouli": {
    "criteria": {
      "tick": "2024-06-24 19:17:17 +0000"
    },
    "done": true
  },
  "minecraft:story/root": {
    "criteria": {
      "crafting_table": "2024-06-24 19:29:18 +0000"
    },
    "done": true
  },
  "divinerpg:overworld/root": {
    "criteria": {
      "divinerpg": "2024-06-24 19:17:18 +0000"
    },
    "done": true
  },
  "DataVersion": 3465
}